Obs,H2O,ring,DOY,CO2,block,true_ten,true_twenty,true_thirty,true_forty,true_fifty,true_sixty,true_seventy,start_ten,start_twenty,start_thirty,start_forty,start_fifty,start_sixty,start_seventy
1,RP,1,174,amb,1,38.2334,40.8832,39.525,40.8702,43.2912,44.3023,43.9292,38.2334,40.8832,39.525,40.8702,43.2912,44.3023,43.9292
2,RP,1,177,amb,1,31.255,39.9422,39.5963,40.6965,42.9816,44.5645,44.1773,39.1994,41.9545,40.549,41.1675,43.3567,43.4042,43.8771
3,RP,1,181,amb,1,27.1743,38.7788,39.1083,40.5634,43.0577,44.1066,43.8851,39.1994,41.9545,40.549,41.1675,43.3567,43.4042,43.8771
4,RP,1,183,amb,1,26.2108,37.8609,38.8622,40.4315,43.0463,44.0856,43.811,39.1994,41.9545,40.549,41.1675,43.3567,43.4042,43.8771
5,RP,1,187,amb,1,32.2736,38.1646,38.7757,40.4029,43.1875,44.2933,43.8762,39.1994,41.9545,40.549,41.1675,43.3567,43.4042,43.8771
6,RP,1,189,amb,1,28.6605,37.3074,38.4896,39.9469,42.8341,44,43.6497,39.1994,41.9545,40.549,41.1675,43.3567,43.4042,43.8771
7,RP,1,191,amb,1,28.0466,37.4214,38.9507,40.5639,43.1096,44.2805,44.0555,39.1994,41.9545,40.549,41.1675,43.3567,43.4042,43.8771
8,RP,1,194,amb,1,26.6925,37.2979,38.8537,40.4522,43.1001,44.1943,43.8662,39.1994,41.9545,40.549,41.1675,43.3567,43.4042,43.8771
9,RP,1,196,amb,1,28.4987,38.5597,38.7669,40.5646,43.3045,44.3704,44.1366,39.1994,41.9545,40.549,41.1675,43.3567,43.4042,43.8771
10,RP,1,198,amb,1,27.1315,37.3395,38.3396,40.2708,43.0271,44.0219,43.7908,39.1994,41.9545,40.549,41.1675,43.3567,43.4042,43.8771
11,RP,1,201,amb,1,24.8589,35.5195,38.0173,40.0891,43.0159,44.2254,43.9602,39.1994,41.9545,40.549,41.1675,43.3567,43.4042,43.8771
12,RP,1,203,amb,1,23.8756,33.6584,37.2194,39.3877,42.3529,43.9146,43.5984,39.1994,41.9545,40.549,41.1675,43.3567,43.4042,43.8771
13,RP,1,205,amb,1,23.2269,32.1637,36.6065,38.9406,42.2138,43.9342,43.8305,39.1994,41.9545,40.549,41.1675,43.3567,43.4042,43.8771
14,RP,1,208,amb,1,22.7574,30.5333,35.0397,37.6659,40.1524,43.3894,43.65,39.1994,41.9545,40.549,41.1675,43.3567,43.4042,43.8771
15,RP,1,210,amb,1,21.416,29.2238,33.8227,36.8729,37.9295,42.3651,43.6205,39.1994,41.9545,40.549,41.1675,43.3567,43.4042,43.8771
16,RP,1,212,amb,1,22.1389,29.0753,33.5873,35.9099,36.6966,40.8816,43.878,39.1994,41.9545,40.549,41.1675,43.3567,43.4042,43.8771
17,RP,1,215,amb,1,21.0656,27.3045,31.9394,34.1749,34.3205,37.4992,42.6635,39.1994,41.9545,40.549,41.1675,43.3567,43.4042,43.8771
18,RP,1,219,amb,1,23.2499,28.124,32.0026,34.037,33.483,36.0604,41.5483,39.1994,41.9545,40.549,41.1675,43.3567,43.4042,43.8771
19,RP,1,222,amb,1,24.3115,28.8157,32.7874,33.9545,33.8542,37.4479,42.2478,39.1994,41.9545,40.549,41.1675,43.3567,43.4042,43.8771
20,RP,1,224,amb,1,24.4808,29.6482,33.2534,34.9796,34.3601,36.9413,40.576,39.1994,41.9545,40.549,41.1675,43.3567,43.4042,43.8771
21,RP,1,227,amb,1,21.6927,27.2962,31.4537,33.1062,32.4511,34.1849,39.266,39.1994,41.9545,40.549,41.1675,43.3567,43.4042,43.8771
22,RP,1,229,amb,1,22.1287,27.6983,31.8229,33.3078,32.6004,34.2145,39.0578,39.1994,41.9545,40.549,41.1675,43.3567,43.4042,43.8771
23,RP,1,232,amb,1,23.7932,28.6893,32.0363,33.5316,33.0132,35.3854,39.552,39.1994,41.9545,40.549,41.1675,43.3567,43.4042,43.8771
24,RP,1,236,amb,1,24.7401,29.4538,32.0529,33.6016,32.8582,35.1971,39.3598,39.1994,41.9545,40.549,41.1675,43.3567,43.4042,43.8771
25,RP,1,238,amb,1,24.8371,29.9236,32.4182,33.416,32.9754,35.4064,39.4153,39.1994,41.9545,40.549,41.1675,43.3567,43.4042,43.8771
26,RP,1,243,amb,1,24.4349,30.6575,33.1808,34.3512,34.0471,36.2431,40.2794,39.1994,41.9545,40.549,41.1675,43.3567,43.4042,43.8771
27,RP,1,245,amb,1,23.2386,29.5032,32.4123,33.7576,33.3174,35.4575,39.4919,39.1994,41.9545,40.549,41.1675,43.3567,43.4042,43.8771
28,RP,1,247,amb,1,22.7334,29.1938,32.1312,33.565,32.9071,35.0015,38.9679,39.1994,41.9545,40.549,41.1675,43.3567,43.4042,43.8771
29,RP,1,250,amb,1,22.9021,28.7215,32.2844,32.7754,32.3249,35.5908,38.8435,39.1994,41.9545,40.549,41.1675,43.3567,43.4042,43.8771
30,RP,1,252,amb,1,19.2857,24.9715,30.8119,30.3067,28.3751,32.8528,37.0556,39.1994,41.9545,40.549,41.1675,43.3567,43.4042,43.8771
31,RP,1,254,amb,1,21.9735,28.2957,31.9456,33.4737,32.7242,34.9697,39.0034,39.1994,41.9545,40.549,41.1675,43.3567,43.4042,43.8771
32,RP,1,258,amb,1,21.6965,27.7996,31.8163,33.452,32.6283,34.8438,39.0702,39.1994,41.9545,40.549,41.1675,43.3567,43.4042,43.8771
33,RP,1,260,amb,1,20.6085,27.2108,31.1285,33.296,32.2068,34.1904,38.078,39.1994,41.9545,40.549,41.1675,43.3567,43.4042,43.8771
67,RP,3,174,ele,2,37.6383,44.4672,42.8248,43.3435,43.8663,44.7728,44.7974,37.6383,44.4672,42.8248,43.3435,43.8663,44.7728,44.7974
68,RP,3,177,ele,2,32.3835,44.1896,43.0209,43.4715,43.8113,44.6207,44.6622,41.6081,44.7311,42.2091,41.8648,43.9712,44.4711,44.416
69,RP,3,181,ele,2,24.5885,42.5329,42.5755,43.0865,43.874,44.5529,44.346,41.6081,44.7311,42.2091,41.8648,43.9712,44.4711,44.416
70,RP,3,183,ele,2,22.6182,40.8357,42.3629,42.9492,43.6818,44.4343,44.28,41.6081,44.7311,42.2091,41.8648,43.9712,44.4711,44.416
71,RP,3,187,ele,2,27.3598,41.5844,42.5542,43.1097,43.7773,44.4882,44.3682,41.6081,44.7311,42.2091,41.8648,43.9712,44.4711,44.416
72,RP,3,189,ele,2,23.3624,40.5756,42.6612,43.3867,44.1665,44.9049,44.6738,41.6081,44.7311,42.2091,41.8648,43.9712,44.4711,44.416
73,RP,3,191,ele,2,23.1814,39.406,42.3445,43.1085,43.8205,44.5426,44.6476,41.6081,44.7311,42.2091,41.8648,43.9712,44.4711,44.416
74,RP,3,194,ele,2,21.2699,37.1643,42.1631,43.2259,43.9489,44.5865,44.3792,41.6081,44.7311,42.2091,41.8648,43.9712,44.4711,44.416
75,RP,3,196,ele,2,19.8247,33.0991,41.0042,42.8872,43.4282,44.1587,44.1581,41.6081,44.7311,42.2091,41.8648,43.9712,44.4711,44.416
76,RP,3,198,ele,2,19.6539,32.5642,40.4277,42.738,43.8435,44.456,44.2709,41.6081,44.7311,42.2091,41.8648,43.9712,44.4711,44.416
77,RP,3,201,ele,2,18.951,30.0965,38.7734,42.4029,43.522,44.4232,44.3772,41.6081,44.7311,42.2091,41.8648,43.9712,44.4711,44.416
78,RP,3,203,ele,2,18.6162,28.5461,37.2641,42.0826,43.6091,44.6519,44.5834,41.6081,44.7311,42.2091,41.8648,43.9712,44.4711,44.416
79,RP,3,205,ele,2,18.4156,27.5939,35.6346,40.7252,42.7582,44.1738,44.1402,41.6081,44.7311,42.2091,41.8648,43.9712,44.4711,44.416
80,RP,3,208,ele,2,18.1512,26.5047,33.6996,38.0904,40.8792,43.7973,44.1187,41.6081,44.7311,42.2091,41.8648,43.9712,44.4711,44.416
81,RP,3,210,ele,2,17.5311,25.7327,32.7709,36.4015,38.6997,42.8923,43.8631,41.6081,44.7311,42.2091,41.8648,43.9712,44.4711,44.416
82,RP,3,212,ele,2,17.8489,25.4579,31.9313,35.1302,36.9809,41.8411,43.8629,41.6081,44.7311,42.2091,41.8648,43.9712,44.4711,44.416
83,RP,3,215,ele,2,17.4327,24.0798,30.4863,33.6322,34.9682,39.4817,43.3294,41.6081,44.7311,42.2091,41.8648,43.9712,44.4711,44.416
84,RP,3,219,ele,2,23.2254,29.033,34.9022,36.9204,37.0198,40.3816,43.002,41.6081,44.7311,42.2091,41.8648,43.9712,44.4711,44.416
85,RP,3,222,ele,2,23.0892,29.5726,34.4852,36.3775,36.6906,39.8531,42.9536,41.6081,44.7311,42.2091,41.8648,43.9712,44.4711,44.416
86,RP,3,224,ele,2,20.9398,28.1383,33.8631,36.0492,36.5788,39.5328,42.8676,41.6081,44.7311,42.2091,41.8648,43.9712,44.4711,44.416
87,RP,3,227,ele,2,20.1998,27.0136,32.2998,34.6182,35.316,38.5214,42.3684,41.6081,44.7311,42.2091,41.8648,43.9712,44.4711,44.416
88,RP,3,229,ele,2,19.8932,27.3119,33.0208,35.1045,35.6533,39.0717,42.3431,41.6081,44.7311,42.2091,41.8648,43.9712,44.4711,44.416
89,RP,3,232,ele,2,23.3608,29.3663,34.2971,36.7619,36.9598,39.8256,42.6913,41.6081,44.7311,42.2091,41.8648,43.9712,44.4711,44.416
90,RP,3,236,ele,2,25.2811,31.4846,35.7121,37.9658,38.1184,40.7456,42.816,41.6081,44.7311,42.2091,41.8648,43.9712,44.4711,44.416
91,RP,3,238,ele,2,24.8712,31.1466,35.3514,37.6402,37.927,40.555,42.7382,41.6081,44.7311,42.2091,41.8648,43.9712,44.4711,44.416
92,RP,3,243,ele,2,23.8556,30.5768,34.9107,37.1941,37.7689,40.571,42.83,41.6081,44.7311,42.2091,41.8648,43.9712,44.4711,44.416
93,RP,3,245,ele,2,22.6916,29.4443,34.3969,36.6888,37.2683,40.1325,42.4792,41.6081,44.7311,42.2091,41.8648,43.9712,44.4711,44.416
94,RP,3,247,ele,2,22.0388,29.0471,33.981,36.4698,36.6909,39.6266,42.2472,41.6081,44.7311,42.2091,41.8648,43.9712,44.4711,44.416
95,RP,3,250,ele,2,21.8796,27.3061,32.3298,35.6539,35.8053,38.8119,42.0885,41.6081,44.7311,42.2091,41.8648,43.9712,44.4711,44.416
96,RP,3,252,ele,2,22.6376,28.2746,33.7114,35.9977,36.2596,39.3295,41.889,41.6081,44.7311,42.2091,41.8648,43.9712,44.4711,44.416
97,RP,3,254,ele,2,21.1482,27.3102,32.7241,35.3838,36.4695,39.884,42.5506,41.6081,44.7311,42.2091,41.8648,43.9712,44.4711,44.416
98,RP,3,258,ele,2,20.3281,26.003,31.6465,34.422,35.6714,39.0578,42.0806,41.6081,44.7311,42.2091,41.8648,43.9712,44.4711,44.416
99,RP,3,260,ele,2,18.6977,23.7785,29.35,33.2027,34.4335,37.6244,41.3913,41.6081,44.7311,42.2091,41.8648,43.9712,44.4711,44.416
133,RP,4,174,amb,2,39.4903,44.0468,42.8354,43.5807,43.6546,43.6757,43.7058,39.4903,44.0468,42.8354,43.5807,43.6546,43.6757,43.7058
134,RP,4,177,amb,2,33.0289,43.2276,42.6333,43.4944,43.5896,43.6861,43.6734,38.3415,43.1601,41.8778,42.2633,42.6265,42.8353,43.2812
135,RP,4,181,amb,2,22.9089,41.1317,42.4779,43.3129,43.3974,43.5566,43.6417,38.3415,43.1601,41.8778,42.2633,42.6265,42.8353,43.2812
136,RP,4,183,amb,2,21.2998,39.3416,42.424,43.3012,43.3019,43.4292,43.5347,38.3415,43.1601,41.8778,42.2633,42.6265,42.8353,43.2812
137,RP,4,187,amb,2,28.1212,41.3902,42.2657,43.228,43.3134,43.5478,43.6311,38.3415,43.1601,41.8778,42.2633,42.6265,42.8353,43.2812
138,RP,4,189,amb,2,29.5187,39.8324,42.2033,43.206,43.2917,43.3867,43.3956,38.3415,43.1601,41.8778,42.2633,42.6265,42.8353,43.2812
139,RP,4,191,amb,2,26.4473,38.1637,42.1531,43.0796,43.2594,43.429,43.5668,38.3415,43.1601,41.8778,42.2633,42.6265,42.8353,43.2812
140,RP,4,194,amb,2,21.1178,34.1353,42.0707,43.2385,43.3337,43.5143,43.6946,38.3415,43.1601,41.8778,42.2633,42.6265,42.8353,43.2812
141,RP,4,196,amb,2,17.913,29.0756,40.8934,42.8884,43.2279,43.4408,43.6257,38.3415,43.1601,41.8778,42.2633,42.6265,42.8353,43.2812
142,RP,4,198,amb,2,17.4482,26.1925,38.3699,42.9518,43.2272,43.3337,43.4709,38.3415,43.1601,41.8778,42.2633,42.6265,42.8353,43.2812
143,RP,4,201,amb,2,16.0504,23.0546,34.2181,41.9943,43.4287,43.6097,43.8132,38.3415,43.1601,41.8778,42.2633,42.6265,42.8353,43.2812
144,RP,4,203,amb,2,15.4632,21.2083,30.9171,39.1887,43.0257,43.2478,43.6318,38.3415,43.1601,41.8778,42.2633,42.6265,42.8353,43.2812
145,RP,4,205,amb,2,15.2778,20.3823,28.849,36.1336,41.4502,42.8761,43.2367,38.3415,43.1601,41.8778,42.2633,42.6265,42.8353,43.2812
146,RP,4,208,amb,2,21.2857,28.4402,36.4924,40.9717,42.5284,42.9081,43.098,38.3415,43.1601,41.8778,42.2633,42.6265,42.8353,43.2812
147,RP,4,210,amb,2,18.7722,25.437,34.9895,39.9166,41.7292,42.7487,42.9802,38.3415,43.1601,41.8778,42.2633,42.6265,42.8353,43.2812
148,RP,4,212,amb,2,17.5233,23.7588,32.9541,38.2411,40.5752,43.1828,43.7953,38.3415,43.1601,41.8778,42.2633,42.6265,42.8353,43.2812
149,RP,4,215,amb,2,16.2976,21.1713,29.2631,34.395,36.998,40.6607,42.4763,38.3415,43.1601,41.8778,42.2633,42.6265,42.8353,43.2812
150,RP,4,219,amb,2,16.7351,20.8785,28.8191,33.6201,36.053,40.0914,42.3629,38.3415,43.1601,41.8778,42.2633,42.6265,42.8353,43.2812
151,RP,4,222,amb,2,16.4289,20.446,28.0366,32.5454,35.1709,39.2945,42.0244,38.3415,43.1601,41.8778,42.2633,42.6265,42.8353,43.2812
152,RP,4,224,amb,2,15.7085,19.4416,27.4943,31.8739,33.3135,37.7548,41.306,38.3415,43.1601,41.8778,42.2633,42.6265,42.8353,43.2812
153,RP,4,227,amb,2,15.4527,18.4831,25.9214,30.0727,33.0671,37.5897,40.84,38.3415,43.1601,41.8778,42.2633,42.6265,42.8353,43.2812
154,RP,4,229,amb,2,15.3463,18.2738,25.571,29.66,32.9442,37.0762,40.322,38.3415,43.1601,41.8778,42.2633,42.6265,42.8353,43.2812
155,RP,4,232,amb,2,16.3852,19.8328,27.5942,31.7499,34.74,38.9115,41.193,38.3415,43.1601,41.8778,42.2633,42.6265,42.8353,43.2812
156,RP,4,236,amb,2,17.7415,21.3093,30.1261,34.8894,37.1541,40.0042,41.5757,38.3415,43.1601,41.8778,42.2633,42.6265,42.8353,43.2812
157,RP,4,238,amb,2,17.8578,21.3538,30.1552,34.962,37.0768,40.2655,41.9976,38.3415,43.1601,41.8778,42.2633,42.6265,42.8353,43.2812
158,RP,4,243,amb,2,17.1761,20.8771,29.517,34.1213,36.6487,39.9337,41.8343,38.3415,43.1601,41.8778,42.2633,42.6265,42.8353,43.2812
159,RP,4,245,amb,2,16.623,20.0923,28.0491,32.6314,35.3163,38.9407,41.0199,38.3415,43.1601,41.8778,42.2633,42.6265,42.8353,43.2812
160,RP,4,247,amb,2,.,.,.,.,.,.,.,38.3415,43.1601,41.8778,42.2633,42.6265,42.8353,43.2812
161,RP,4,250,amb,2,15.9243,19.4312,27.0374,31.1706,34.1597,37.9821,40.35,38.3415,43.1601,41.8778,42.2633,42.6265,42.8353,43.2812
162,RP,4,252,amb,2,15.6992,19.3683,27.0551,30.8837,35.1567,39.4452,41.4193,38.3415,43.1601,41.8778,42.2633,42.6265,42.8353,43.2812
163,RP,4,254,amb,2,16.067,19.4211,26.592,30.7349,33.7934,37.8561,40.4879,38.3415,43.1601,41.8778,42.2633,42.6265,42.8353,43.2812
164,RP,4,258,amb,2,15.7408,18.8296,25.7698,29.4572,32.1475,36.1044,39.4302,38.3415,43.1601,41.8778,42.2633,42.6265,42.8353,43.2812
165,RP,4,260,amb,2,15.4704,18.6826,25.3171,29.0528,31.9046,35.8266,38.9768,38.3415,43.1601,41.8778,42.2633,42.6265,42.8353,43.2812
199,RP,5,174,ele,1,43.0765,44.4452,41.7303,42.589,42.0128,42.6307,42.6092,43.0765,44.4452,41.7303,42.589,42.0128,42.6307,42.6092
200,RP,5,177,ele,1,37.6328,44.8582,41.4617,42.8419,42.2431,42.6018,42.7146,43.586,45.2166,42.8765,43.0557,42.991,43.1179,43.185
201,RP,5,181,ele,1,30.7458,44.0057,41.4097,42.1437,41.7155,42.3292,42.3532,43.586,45.2166,42.8765,43.0557,42.991,43.1179,43.185
202,RP,5,183,ele,1,29.4621,44.0255,41.7133,42.6515,41.8008,42.3297,42.7465,43.586,45.2166,42.8765,43.0557,42.991,43.1179,43.185
203,RP,5,187,ele,1,37.8245,44.0951,41.3068,42.3792,41.9921,42.3904,42.441,43.586,45.2166,42.8765,43.0557,42.991,43.1179,43.185
204,RP,5,189,ele,1,31.9314,44.0149,41.379,42.2525,41.7223,42.2756,42.3885,43.586,45.2166,42.8765,43.0557,42.991,43.1179,43.185
205,RP,5,191,ele,1,33.947,44.3632,41.752,42.4204,41.8465,42.5676,42.6096,43.586,45.2166,42.8765,43.0557,42.991,43.1179,43.185
206,RP,5,194,ele,1,29.8281,43.8565,41.5752,42.5793,41.9627,42.5831,42.8019,43.586,45.2166,42.8765,43.0557,42.991,43.1179,43.185
207,RP,5,196,ele,1,25.6507,41.0647,41.1845,42.4315,42.0125,42.4964,42.6305,43.586,45.2166,42.8765,43.0557,42.991,43.1179,43.185
208,RP,5,198,ele,1,24.9889,39.1092,40.8765,42.4728,42.003,42.5575,42.5045,43.586,45.2166,42.8765,43.0557,42.991,43.1179,43.185
209,RP,5,201,ele,1,23.2688,34.9583,39.9016,42.2206,41.9938,42.6312,42.662,43.586,45.2166,42.8765,43.0557,42.991,43.1179,43.185
210,RP,5,203,ele,1,21.5377,30.9697,37.7946,41.6906,41.7439,42.2555,42.4199,43.586,45.2166,42.8765,43.0557,42.991,43.1179,43.185
211,RP,5,205,ele,1,20.2695,28.6973,35.2614,41.298,41.3809,42.4106,42.5044,43.586,45.2166,42.8765,43.0557,42.991,43.1179,43.185
212,RP,5,208,ele,1,20.8675,27.8003,33.3462,40.4755,41.2108,42.4731,42.5359,43.586,45.2166,42.8765,43.0557,42.991,43.1179,43.185
213,RP,5,210,ele,1,19.174,26.0278,30.4961,38.2295,40.5283,42.0036,42.3988,43.586,45.2166,42.8765,43.0557,42.991,43.1179,43.185
214,RP,5,212,ele,1,20.1099,25.9504,30.9148,38.1047,40.6373,42.466,42.7162,43.586,45.2166,42.8765,43.0557,42.991,43.1179,43.185
215,RP,5,215,ele,1,19.3319,24.1056,29.3186,36.3685,39.3167,41.8368,42.3989,43.586,45.2166,42.8765,43.0557,42.991,43.1179,43.185
216,RP,5,219,ele,1,20.5655,25.1686,29.8773,36.5742,39.701,42.1912,42.7569,43.586,45.2166,42.8765,43.0557,42.991,43.1179,43.185
217,RP,5,222,ele,1,20.7195,25.1514,29.6254,35.6619,38.4712,41.5165,42.4725,43.586,45.2166,42.8765,43.0557,42.991,43.1179,43.185
218,RP,5,224,ele,1,20.659,24.8122,29.1851,35.1548,38.1213,41.4497,42.6832,43.586,45.2166,42.8765,43.0557,42.991,43.1179,43.185
219,RP,5,227,ele,1,19.4859,23.6659,28.2007,34.0524,36.6283,40.0083,42.9214,43.586,45.2166,42.8765,43.0557,42.991,43.1179,43.185
220,RP,5,229,ele,1,19.5144,23.4844,27.93,32.8521,34.3578,37.0261,40.5332,43.586,45.2166,42.8765,43.0557,42.991,43.1179,43.185
221,RP,5,232,ele,1,20.8643,25.019,29.3268,33.7227,34.5198,36.7953,39.9496,43.586,45.2166,42.8765,43.0557,42.991,43.1179,43.185
222,RP,5,236,ele,1,21.7053,25.4212,30.3512,34.7166,34.5263,36.3635,40.0272,43.586,45.2166,42.8765,43.0557,42.991,43.1179,43.185
223,RP,5,238,ele,1,21.3887,25.4897,29.587,34.0949,34.1585,35.9173,39.6103,43.586,45.2166,42.8765,43.0557,42.991,43.1179,43.185
224,RP,5,243,ele,1,20.5016,24.3073,29.0519,32.5662,32.7019,34.6257,38.3777,43.586,45.2166,42.8765,43.0557,42.991,43.1179,43.185
225,RP,5,245,ele,1,20.3676,24.3042,28.6667,32.7518,33.3237,34.9547,38.4324,43.586,45.2166,42.8765,43.0557,42.991,43.1179,43.185
226,RP,5,247,ele,1,19.5198,23.833,28.1241,32.2018,32.3787,34.1633,37.492,43.586,45.2166,42.8765,43.0557,42.991,43.1179,43.185
227,RP,5,250,ele,1,20.4577,24.0262,28.1676,32.2526,32.2304,33.6778,37.0752,43.586,45.2166,42.8765,43.0557,42.991,43.1179,43.185
228,RP,5,252,ele,1,19.7739,23.4732,27.3595,31.6514,32.1597,33.6436,36.8072,43.586,45.2166,42.8765,43.0557,42.991,43.1179,43.185
229,RP,5,254,ele,1,19.6498,23.1091,27.1885,31.2654,31.7893,33.3787,36.2781,43.586,45.2166,42.8765,43.0557,42.991,43.1179,43.185
230,RP,5,258,ele,1,19.2987,22.5724,26.6162,30.4816,30.74,31.6211,34.1362,43.586,45.2166,42.8765,43.0557,42.991,43.1179,43.185
231,RP,5,260,ele,1,19.1402,22.5242,26.5886,30.4733,30.5129,31.4706,33.7544,43.586,45.2166,42.8765,43.0557,42.991,43.1179,43.185
265,RP,10,174,amb,3,38.5619,40.845,39.2572,40.0175,40.5521,42.1609,43.0738,38.5619,40.845,39.2572,40.0175,40.5521,42.1609,43.0738
266,RP,10,177,amb,3,33.2026,40.6027,39.1296,39.9868,40.6221,42.3387,43.2141,40.9083,41.5887,39.6795,40.4974,41.6159,43.9624,45.0256
267,RP,10,181,amb,3,27.7845,39.5599,38.9709,39.7655,40.2667,41.8989,42.8096,40.9083,41.5887,39.6795,40.4974,41.6159,43.9624,45.0256
268,RP,10,183,amb,3,26.4767,38.785,38.8143,39.5641,40.0553,41.5986,42.5767,40.9083,41.5887,39.6795,40.4974,41.6159,43.9624,45.0256
269,RP,10,187,amb,3,32.3159,39.3636,38.7743,39.8753,40.4302,42.0155,42.9492,40.9083,41.5887,39.6795,40.4974,41.6159,43.9624,45.0256
270,RP,10,189,amb,3,31.5368,39.8242,38.8615,39.8348,40.3984,41.9112,42.7795,40.9083,41.5887,39.6795,40.4974,41.6159,43.9624,45.0256
271,RP,10,191,amb,3,37.7733,40.821,39.1587,39.8647,40.5611,41.9529,42.831,40.9083,41.5887,39.6795,40.4974,41.6159,43.9624,45.0256
272,RP,10,194,amb,3,34.2278,40.0739,39.0886,39.7757,40.4099,41.974,42.9568,40.9083,41.5887,39.6795,40.4974,41.6159,43.9624,45.0256
273,RP,10,196,amb,3,33.616,40.6461,39.3265,40.0549,40.6113,42.1172,42.9269,40.9083,41.5887,39.6795,40.4974,41.6159,43.9624,45.0256
274,RP,10,198,amb,3,29.6974,39.6493,38.9517,39.8442,40.5112,41.8891,42.9174,40.9083,41.5887,39.6795,40.4974,41.6159,43.9624,45.0256
275,RP,10,201,amb,3,25.694,38.3065,38.9497,40.0153,40.4301,41.8894,42.863,40.9083,41.5887,39.6795,40.4974,41.6159,43.9624,45.0256
276,RP,10,203,amb,3,24.114,37.0087,38.853,39.6252,40.1567,41.6717,42.6956,40.9083,41.5887,39.6795,40.4974,41.6159,43.9624,45.0256
277,RP,10,205,amb,3,22.7723,35.014,38.4463,39.6754,40.1874,41.7753,42.8425,40.9083,41.5887,39.6795,40.4974,41.6159,43.9624,45.0256
278,RP,10,208,amb,3,24.4999,36.4339,38.0265,39.399,40.2564,41.8568,42.8001,40.9083,41.5887,39.6795,40.4974,41.6159,43.9624,45.0256
279,RP,10,210,amb,3,23.2556,35.3942,37.7422,39.214,39.9356,41.755,42.8645,40.9083,41.5887,39.6795,40.4974,41.6159,43.9624,45.0256
280,RP,10,212,amb,3,22.582,33.6631,37.149,38.4256,39.5482,41.9314,42.9164,40.9083,41.5887,39.6795,40.4974,41.6159,43.9624,45.0256
281,RP,10,215,amb,3,21.7935,31.0654,35.4201,37.2021,38.1658,41.3494,42.8525,40.9083,41.5887,39.6795,40.4974,41.6159,43.9624,45.0256
282,RP,10,219,amb,3,23.5556,33.9622,36.561,37.7129,38.7055,41.3176,42.6388,40.9083,41.5887,39.6795,40.4974,41.6159,43.9624,45.0256
283,RP,10,222,amb,3,23.0896,32.5531,35.4272,36.7695,37.3086,40.2998,42.5009,40.9083,41.5887,39.6795,40.4974,41.6159,43.9624,45.0256
284,RP,10,224,amb,3,22.305,31.236,34.4218,36.3134,36.9423,39.7047,42.1491,40.9083,41.5887,39.6795,40.4974,41.6159,43.9624,45.0256
285,RP,10,227,amb,3,20.8135,28.1771,32.2693,34.1547,34.7839,36.925,40.3624,40.9083,41.5887,39.6795,40.4974,41.6159,43.9624,45.0256
286,RP,10,229,amb,3,20.9813,27.5383,31.1667,33.2231,33.6899,35.0072,39.1608,40.9083,41.5887,39.6795,40.4974,41.6159,43.9624,45.0256
287,RP,10,232,amb,3,26.2027,35.1413,36.8871,37.8352,38.6788,39.946,41.2456,40.9083,41.5887,39.6795,40.4974,41.6159,43.9624,45.0256
288,RP,10,236,amb,3,26.1613,34.993,36.7424,37.6524,37.9388,39.6062,40.9325,40.9083,41.5887,39.6795,40.4974,41.6159,43.9624,45.0256
289,RP,10,238,amb,3,25.2603,34.5881,36.2016,37.2614,37.5286,39.0778,40.6045,40.9083,41.5887,39.6795,40.4974,41.6159,43.9624,45.0256
290,RP,10,243,amb,3,24.4062,34.1144,36.0691,37.0366,37.2969,38.7537,40.2366,40.9083,41.5887,39.6795,40.4974,41.6159,43.9624,45.0256
291,RP,10,245,amb,3,23.4434,33.4112,35.6991,36.7217,36.884,38.2534,39.9646,40.9083,41.5887,39.6795,40.4974,41.6159,43.9624,45.0256
292,RP,10,247,amb,3,22.9725,32.337,35.1717,36.2675,36.5194,37.9799,39.6137,40.9083,41.5887,39.6795,40.4974,41.6159,43.9624,45.0256
293,RP,10,250,amb,3,22.4446,30.4829,34.4175,36.1219,36.1525,37.264,39.1889,40.9083,41.5887,39.6795,40.4974,41.6159,43.9624,45.0256
294,RP,10,252,amb,3,22.2084,29.5066,34.1577,36.3208,36.6792,37.9866,40.6057,40.9083,41.5887,39.6795,40.4974,41.6159,43.9624,45.0256
295,RP,10,254,amb,3,21.8302,28.8856,32.9228,35.1327,35.5078,36.3084,38.477,40.9083,41.5887,39.6795,40.4974,41.6159,43.9624,45.0256
296,RP,10,258,amb,3,21.0073,27.1071,31.7172,34.1854,34.582,34.955,37.4706,40.9083,41.5887,39.6795,40.4974,41.6159,43.9624,45.0256
297,RP,10,260,amb,3,19.9449,25.9559,30.6263,33.4015,33.7516,34.1698,36.6785,40.9083,41.5887,39.6795,40.4974,41.6159,43.9624,45.0256
331,RP,11,174,amb,4,38.004,41.7365,40.0945,40.1166,41.8482,42.7155,43.5872,38.004,41.7365,40.0945,40.1166,41.8482,42.7155,43.5872
332,RP,11,177,amb,4,33.1704,40.6805,40.0113,39.908,41.7877,42.4396,43.185,39.5288,40.2754,38.8019,40.3069,42.9194,43.0233,42.4034
333,RP,11,181,amb,4,26.8262,37.7096,39.6535,40.0147,42.1374,43.3626,43.7478,39.5288,40.2754,38.8019,40.3069,42.9194,43.0233,42.4034
334,RP,11,183,amb,4,26.6745,37.0887,39.1874,39.3991,41.4958,42.4241,43.322,39.5288,40.2754,38.8019,40.3069,42.9194,43.0233,42.4034
335,RP,11,187,amb,4,38.2135,41.0714,39.5245,39.7278,41.6411,42.5705,43.3538,39.5288,40.2754,38.8019,40.3069,42.9194,43.0233,42.4034
336,RP,11,189,amb,4,36.8739,40.3636,39.4952,39.5189,41.4437,42.4112,43.2889,39.5288,40.2754,38.8019,40.3069,42.9194,43.0233,42.4034
337,RP,11,191,amb,4,35.0911,40.5769,39.5553,39.5194,41.4856,42.4139,43.3859,39.5288,40.2754,38.8019,40.3069,42.9194,43.0233,42.4034
338,RP,11,194,amb,4,29.9114,38.751,39.2296,39.2104,41.2987,42.4259,43.4188,39.5288,40.2754,38.8019,40.3069,42.9194,43.0233,42.4034
339,RP,11,196,amb,4,27.6129,36.8368,38.6287,38.9064,41.3314,42.5205,43.3646,39.5288,40.2754,38.8019,40.3069,42.9194,43.0233,42.4034
340,RP,11,198,amb,4,26.4234,35.3698,38.379,38.5921,41.1242,42.341,43.3114,39.5288,40.2754,38.8019,40.3069,42.9194,43.0233,42.4034
341,RP,11,201,amb,4,25.2271,33.425,36.7665,37.5657,40.716,42.3302,43.5779,39.5288,40.2754,38.8019,40.3069,42.9194,43.0233,42.4034
342,RP,11,203,amb,4,24.6746,32.0681,35.3083,36.4858,39.9251,41.9311,43.1398,39.5288,40.2754,38.8019,40.3069,42.9194,43.0233,42.4034
343,RP,11,205,amb,4,24.0944,30.9742,34.2845,35.5461,39.2828,41.7496,43.2143,39.5288,40.2754,38.8019,40.3069,42.9194,43.0233,42.4034
344,RP,11,208,amb,4,23.2773,29.9972,32.6382,33.6946,37.4466,40.8952,42.7703,39.5288,40.2754,38.8019,40.3069,42.9194,43.0233,42.4034
345,RP,11,210,amb,4,23.1563,29.2248,31.4106,32.8312,36.5902,40.4879,42.917,39.5288,40.2754,38.8019,40.3069,42.9194,43.0233,42.4034
346,RP,11,212,amb,4,23.1624,28.9429,30.9671,31.923,35.4037,39.5304,42.5265,39.5288,40.2754,38.8019,40.3069,42.9194,43.0233,42.4034
347,RP,11,215,amb,4,22.6664,28.1418,29.7174,30.9161,34.02,38.065,41.8454,39.5288,40.2754,38.8019,40.3069,42.9194,43.0233,42.4034
348,RP,11,219,amb,4,25.4752,29.7836,31.146,31.5062,34.3834,37.9651,41.878,39.5288,40.2754,38.8019,40.3069,42.9194,43.0233,42.4034
349,RP,11,222,amb,4,25.4296,29.9127,31.1863,31.9207,34.5598,38.0997,41.9835,39.5288,40.2754,38.8019,40.3069,42.9194,43.0233,42.4034
350,RP,11,224,amb,4,26.545,31.6927,32.4712,33.0433,36.4346,38.8825,43.5186,39.5288,40.2754,38.8019,40.3069,42.9194,43.0233,42.4034
351,RP,11,227,amb,4,23.3156,28.7338,30.2505,30.8966,33.7095,37.1013,41.1542,39.5288,40.2754,38.8019,40.3069,42.9194,43.0233,42.4034
352,RP,11,229,amb,4,23.4608,28.7204,30.142,30.8416,33.73,36.9634,41.0256,39.5288,40.2754,38.8019,40.3069,42.9194,43.0233,42.4034
353,RP,11,232,amb,4,25.167,29.6289,30.7298,31.0158,33.76,37.0777,41.0153,39.5288,40.2754,38.8019,40.3069,42.9194,43.0233,42.4034
354,RP,11,236,amb,4,25.1964,30.0638,31.1546,31.3411,33.9028,37.1624,40.8448,39.5288,40.2754,38.8019,40.3069,42.9194,43.0233,42.4034
355,RP,11,238,amb,4,24.7936,30.0286,31.4711,31.5621,34.3337,37.3994,41.2181,39.5288,40.2754,38.8019,40.3069,42.9194,43.0233,42.4034
356,RP,11,243,amb,4,24.0462,29.3669,30.7382,30.9057,33.6733,36.9212,40.7769,39.5288,40.2754,38.8019,40.3069,42.9194,43.0233,42.4034
357,RP,11,245,amb,4,24.0346,29.3812,30.4452,30.8394,33.5854,36.7129,40.7697,39.5288,40.2754,38.8019,40.3069,42.9194,43.0233,42.4034
358,RP,11,247,amb,4,25.4679,31.4323,30.5942,30.6075,33.1986,37.8017,40.9194,39.5288,40.2754,38.8019,40.3069,42.9194,43.0233,42.4034
359,RP,11,250,amb,4,23.7368,28.6551,30.1269,30.6417,33.5341,36.6864,40.5413,39.5288,40.2754,38.8019,40.3069,42.9194,43.0233,42.4034
360,RP,11,252,amb,4,23.4339,28.588,29.8417,30.4557,33.4318,36.4811,40.5441,39.5288,40.2754,38.8019,40.3069,42.9194,43.0233,42.4034
361,RP,11,254,amb,4,23.3284,28.5151,29.5013,30.377,33.2792,36.4704,40.6164,39.5288,40.2754,38.8019,40.3069,42.9194,43.0233,42.4034
362,RP,11,258,amb,4,22.9678,28.0388,29.3327,29.9218,33.1779,36.5122,40.5348,39.5288,40.2754,38.8019,40.3069,42.9194,43.0233,42.4034
363,RP,11,260,amb,4,22.2515,27.5482,29.0177,29.7855,32.9202,36.1301,40.1208,39.5288,40.2754,38.8019,40.3069,42.9194,43.0233,42.4034
397,RP,14,174,ele,3,40.0386,40.8038,39.2931,39.5497,41.7993,43.484,44.3353,40.0386,40.8038,39.2931,39.5497,41.7993,43.484,44.3353
398,RP,14,177,ele,3,34.6308,40.4283,39.2937,39.4507,41.6304,43.5998,44.4524,38.5249,39.8271,38.8617,40.1449,42.7064,43.2454,42.6828
399,RP,14,181,ele,3,28.4557,38.1831,38.8089,39.2038,41.6008,43.3534,44.2253,38.5249,39.8271,38.8617,40.1449,42.7064,43.2454,42.6828
400,RP,14,183,ele,3,27.2047,37.2435,38.7618,39.1524,41.5198,43.4391,44.2132,38.5249,39.8271,38.8617,40.1449,42.7064,43.2454,42.6828
401,RP,14,187,ele,3,36.6346,39.5638,38.8875,39.0788,41.6703,43.3846,44.2885,38.5249,39.8271,38.8617,40.1449,42.7064,43.2454,42.6828
402,RP,14,189,ele,3,34.0415,39.197,38.7691,39.0527,41.6062,43.3092,43.9663,38.5249,39.8271,38.8617,40.1449,42.7064,43.2454,42.6828
403,RP,14,191,ele,3,35.8554,39.8996,39.1851,39.3888,41.7341,43.3644,44.0876,38.5249,39.8271,38.8617,40.1449,42.7064,43.2454,42.6828
404,RP,14,194,ele,3,32.0274,39.0376,39.1023,39.5478,41.8634,43.4031,44.2234,38.5249,39.8271,38.8617,40.1449,42.7064,43.2454,42.6828
405,RP,14,196,ele,3,33.5038,38.8825,38.9281,39.2185,41.6828,43.3111,44.0761,38.5249,39.8271,38.8617,40.1449,42.7064,43.2454,42.6828
406,RP,14,198,ele,3,31.4848,38.3412,39.0367,39.2181,41.7333,43.1833,44.0851,38.5249,39.8271,38.8617,40.1449,42.7064,43.2454,42.6828
407,RP,14,201,ele,3,27.4849,36.4251,38.753,38.9774,41.643,43.3949,44.2568,38.5249,39.8271,38.8617,40.1449,42.7064,43.2454,42.6828
408,RP,14,203,ele,3,25.9872,34.8039,38.236,38.5936,41.292,43.15,43.9246,38.5249,39.8271,38.8617,40.1449,42.7064,43.2454,42.6828
409,RP,14,205,ele,3,24.67,32.7664,37.4065,38.1487,41.252,43.1099,44.0103,38.5249,39.8271,38.8617,40.1449,42.7064,43.2454,42.6828
410,RP,14,208,ele,3,25.28,32.9751,37.3985,37.8397,41.2029,43.2911,44.3468,38.5249,39.8271,38.8617,40.1449,42.7064,43.2454,42.6828
411,RP,14,210,ele,3,24.0824,31.4861,36.1535,37.3862,40.9292,43.2667,44.1168,38.5249,39.8271,38.8617,40.1449,42.7064,43.2454,42.6828
412,RP,14,212,ele,3,24.2886,30.3562,34.9171,35.7649,40.0482,43.0649,44.106,38.5249,39.8271,38.8617,40.1449,42.7064,43.2454,42.6828
413,RP,14,215,ele,3,22.9151,28.0831,32.4213,33.1125,36.6041,41.3689,43.8095,38.5249,39.8271,38.8617,40.1449,42.7064,43.2454,42.6828
414,RP,14,219,ele,3,29.858,31.5405,33.6098,32.8959,35.115,39.2645,43.124,38.5249,39.8271,38.8617,40.1449,42.7064,43.2454,42.6828
415,RP,14,222,ele,3,26.716,30.0262,32.8151,32.4252,34.0595,36.8594,40.5946,38.5249,39.8271,38.8617,40.1449,42.7064,43.2454,42.6828
416,RP,14,224,ele,3,25.7806,30.4193,33.1913,32.793,33.7481,35.9496,39.5169,38.5249,39.8271,38.8617,40.1449,42.7064,43.2454,42.6828
417,RP,14,227,ele,3,22.3034,26.7298,30.4702,30.6949,30.9879,31.9294,34.2352,38.5249,39.8271,38.8617,40.1449,42.7064,43.2454,42.6828
418,RP,14,229,ele,3,21.3904,24.9789,28.9043,28.5696,28.4347,28.9995,32.6774,38.5249,39.8271,38.8617,40.1449,42.7064,43.2454,42.6828
419,RP,14,232,ele,3,23.2303,26.7818,31.1051,33.5445,37.077,41.3655,43.2119,38.5249,39.8271,38.8617,40.1449,42.7064,43.2454,42.6828
420,RP,14,236,ele,3,24.497,27.8285,31.8574,33.4514,36.9321,40.4614,42.2693,38.5249,39.8271,38.8617,40.1449,42.7064,43.2454,42.6828
421,RP,14,238,ele,3,23.6724,27.4699,31.6529,32.9606,36.4078,39.5274,40.914,38.5249,39.8271,38.8617,40.1449,42.7064,43.2454,42.6828
422,RP,14,243,ele,3,22.5212,26.8347,31.4357,32.3704,34.5805,36.1491,36.8685,38.5249,39.8271,38.8617,40.1449,42.7064,43.2454,42.6828
423,RP,14,245,ele,3,22.2325,26.353,30.7007,31.3271,32.8062,33.4689,33.9345,38.5249,39.8271,38.8617,40.1449,42.7064,43.2454,42.6828
424,RP,14,247,ele,3,21.3692,26.7079,28.7558,30.1506,28.7558,28.9633,30.4007,38.5249,39.8271,38.8617,40.1449,42.7064,43.2454,42.6828
425,RP,14,250,ele,3,21.6087,25.7453,29.3729,29.1686,29.2728,29.6333,29.6529,38.5249,39.8271,38.8617,40.1449,42.7064,43.2454,42.6828
426,RP,14,252,ele,3,20.8726,24.984,29.1125,29.4259,29.0208,28.4981,28.2429,38.5249,39.8271,38.8617,40.1449,42.7064,43.2454,42.6828
427,RP,14,254,ele,3,20.691,24.7162,28.8736,29.1975,28.4339,27.845,27.4708,38.5249,39.8271,38.8617,40.1449,42.7064,43.2454,42.6828
428,RP,14,258,ele,3,20.3747,24.5841,27.9431,28.0855,26.7224,25.9171,25.8755,38.5249,39.8271,38.8617,40.1449,42.7064,43.2454,42.6828
429,RP,14,260,ele,3,19.628,23.8311,27.7667,27.8391,26.811,25.8302,25.1147,38.5249,39.8271,38.8617,40.1449,42.7064,43.2454,42.6828
463,RP,15,174,ele,4,36.1061,40.2435,39.4755,40.3791,41.8451,42.6308,42.843,36.1061,40.2435,39.4755,40.3791,41.8451,42.6308,42.843
464,RP,15,177,ele,4,29.6451,39.2232,39.5209,40.5221,41.9702,42.7893,42.9494,37.9993,40.5159,39.3604,40.3959,42.0423,42.7071,42.0992
465,RP,15,181,ele,4,26.1044,36.6603,38.8276,40.0681,41.6894,42.631,42.8112,37.9993,40.5159,39.3604,40.3959,42.0423,42.7071,42.0992
466,RP,15,183,ele,4,25.3254,35.7552,38.5638,39.9168,41.6481,42.579,42.7586,37.9993,40.5159,39.3604,40.3959,42.0423,42.7071,42.0992
467,RP,15,187,ele,4,31.3908,36.6474,38.4118,39.7502,41.5858,42.4943,42.7373,37.9993,40.5159,39.3604,40.3959,42.0423,42.7071,42.0992
468,RP,15,189,ele,4,32.3827,38.3019,38.6891,39.8177,41.5236,42.5366,42.7057,37.9993,40.5159,39.3604,40.3959,42.0423,42.7071,42.0992
469,RP,15,191,ele,4,31.7324,38.0439,38.7531,39.9309,41.6585,42.6006,42.7694,37.9993,40.5159,39.3604,40.3959,42.0423,42.7071,42.0992
470,RP,15,194,ele,4,28.2619,36.6789,38.6353,39.8915,41.555,42.5153,42.7054,37.9993,40.5159,39.3604,40.3959,42.0423,42.7071,42.0992
471,RP,15,196,ele,4,34.6848,39.1944,38.7631,39.8224,41.6073,42.5791,42.78,37.9993,40.5159,39.3604,40.3959,42.0423,42.7071,42.0992
472,RP,15,198,ele,4,31.4819,38.0747,38.6635,39.7917,41.4929,42.4732,42.6739,37.9993,40.5159,39.3604,40.3959,42.0423,42.7071,42.0992
473,RP,15,201,ele,4,27.1625,35.7661,38.5893,39.8342,41.565,42.5154,42.8005,37.9993,40.5159,39.3604,40.3959,42.0423,42.7071,42.0992
474,RP,15,203,ele,4,25.4484,33.6701,38.0337,39.4843,41.1734,42.3056,42.5266,37.9993,40.5159,39.3604,40.3959,42.0423,42.7071,42.0992
475,RP,15,205,ele,4,24.7773,32.3596,37.7771,39.1971,41.132,42.3066,42.5697,37.9993,40.5159,39.3604,40.3959,42.0423,42.7071,42.0992
476,RP,15,208,ele,4,29.6351,36.6273,38.3932,39.3257,41.1945,42.3794,42.5382,37.9993,40.5159,39.3604,40.3959,42.0423,42.7071,42.0992
477,RP,15,210,ele,4,27.2515,34.749,37.964,39.2175,41.1119,42.3482,42.5698,37.9993,40.5159,39.3604,40.3959,42.0423,42.7071,42.0992
478,RP,15,212,ele,4,25.7991,32.7679,37.3762,39.0116,40.8155,42.0867,42.4744,37.9993,40.5159,39.3604,40.3959,42.0423,42.7071,42.0992
479,RP,15,215,ele,4,24.556,30.6986,35.9152,38.1317,40.3573,41.7625,42.1593,37.9993,40.5159,39.3604,40.3959,42.0423,42.7071,42.0992
480,RP,15,219,ele,4,24.7245,30.0271,35.181,37.7764,39.9453,41.524,41.9919,37.9993,40.5159,39.3604,40.3959,42.0423,42.7071,42.0992
481,RP,15,222,ele,4,24.8608,29.9945,34.6102,37.0784,39.4477,41.3419,42.0862,37.9993,40.5159,39.3604,40.3959,42.0423,42.7071,42.0992
482,RP,15,224,ele,4,23.1332,27.8199,32.5059,36.2467,39.3364,40.8846,42.2624,37.9993,40.5159,39.3604,40.3959,42.0423,42.7071,42.0992
483,RP,15,227,ele,4,23.3813,27.9737,32.4757,34.997,37.0453,39.3431,41.2413,37.9993,40.5159,39.3604,40.3959,42.0423,42.7071,42.0992
484,RP,15,229,ele,4,23.0596,27.2875,31.497,34.0266,36.0836,38.4065,40.5663,37.9993,40.5159,39.3604,40.3959,42.0423,42.7071,42.0992
485,RP,15,232,ele,4,27.3559,30.4508,34.3187,36.1674,38.0064,39.9392,41.2213,37.9993,40.5159,39.3604,40.3959,42.0423,42.7071,42.0992
486,RP,15,236,ele,4,27.554,30.2937,34.1855,35.8795,37.6626,39.7338,41.0483,37.9993,40.5159,39.3604,40.3959,42.0423,42.7071,42.0992
487,RP,15,238,ele,4,26.6069,30.0354,34.072,35.8701,37.6702,39.6351,40.937,37.9993,40.5159,39.3604,40.3959,42.0423,42.7071,42.0992
488,RP,15,243,ele,4,26.2816,30.1822,34.3297,35.9041,37.6739,39.4712,40.7923,37.9993,40.5159,39.3604,40.3959,42.0423,42.7071,42.0992
489,RP,15,245,ele,4,25.0741,29.0784,34.0002,35.7596,38.3395,39.631,40.8517,37.9993,40.5159,39.3604,40.3959,42.0423,42.7071,42.0992
490,RP,15,247,ele,4,23.683,28.8676,34.9994,36.9172,39.9235,41.1426,41.6404,37.9993,40.5159,39.3604,40.3959,42.0423,42.7071,42.0992
491,RP,15,250,ele,4,25.3688,29.7356,33.922,35.7438,37.4321,39.268,40.6269,37.9993,40.5159,39.3604,40.3959,42.0423,42.7071,42.0992
492,RP,15,252,ele,4,24.7065,28.8725,33.4398,35.3104,37.1309,39.1476,40.5936,37.9993,40.5159,39.3604,40.3959,42.0423,42.7071,42.0992
493,RP,15,254,ele,4,24.1625,28.4285,33.2052,35.3532,37.4497,39.2859,40.6577,37.9993,40.5159,39.3604,40.3959,42.0423,42.7071,42.0992
494,RP,15,258,ele,4,23.2757,27.5617,32.5818,34.9919,37.2701,39.2439,40.7002,37.9993,40.5159,39.3604,40.3959,42.0423,42.7071,42.0992
495,RP,15,260,ele,4,24.6454,27.9711,31.8102,34.3772,35.9079,38.385,40.3609,37.9993,40.5159,39.3604,40.3959,42.0423,42.7071,42.0992
34,CP,1,174,amb,1,39.1994,41.9545,40.549,41.1675,43.3567,43.4042,43.8771,39.1994,41.9545,40.549,41.1675,43.3567,43.4042,43.8771
35,CP,1,177,amb,1,32.0434,41.6605,40.7433,41.3329,43.5834,43.5614,44.2148,39.1994,41.9545,40.549,41.1675,43.3567,43.4042,43.8771
36,CP,1,181,amb,1,26.042,39.0117,40.1834,41.0675,43.4091,43.5052,44.0138,39.1994,41.9545,40.549,41.1675,43.3567,43.4042,43.8771
37,CP,1,183,amb,1,25.1347,37.9218,39.8409,40.7655,43.2804,43.405,43.8309,39.1994,41.9545,40.549,41.1675,43.3567,43.4042,43.8771
38,CP,1,187,amb,1,39.7715,42.341,40.9892,42.3337,44.4907,44.3097,44.8307,39.1994,41.9545,40.549,41.1675,43.3567,43.4042,43.8771
39,CP,1,189,amb,1,40.2377,41.5417,40.2033,40.7761,43.2773,43.3478,43.7804,39.1994,41.9545,40.549,41.1675,43.3567,43.4042,43.8771
40,CP,1,191,amb,1,40.0618,41.853,40.4877,41.0938,43.1524,43.4206,43.9811,39.1994,41.9545,40.549,41.1675,43.3567,43.4042,43.8771
41,CP,1,194,amb,1,37.5725,41.6869,40.6627,41.3293,43.5609,43.5041,44.3024,39.1994,41.9545,40.549,41.1675,43.3567,43.4042,43.8771
42,CP,1,196,amb,1,41.0866,41.4944,40.4946,41.0058,43.2795,43.4446,43.9707,39.1994,41.9545,40.549,41.1675,43.3567,43.4042,43.8771
43,CP,1,198,amb,1,36.4514,40.7785,40.0441,40.7817,43.4259,43.4629,44.0259,39.1994,41.9545,40.549,41.1675,43.3567,43.4042,43.8771
44,CP,1,201,amb,1,28.0374,38.074,39.7007,40.4053,43.2768,43.5867,44.0205,39.1994,41.9545,40.549,41.1675,43.3567,43.4042,43.8771
45,CP,1,203,amb,1,24.4313,34.4883,38.7767,39.2261,42.9119,43.1093,43.8603,39.1994,41.9545,40.549,41.1675,43.3567,43.4042,43.8771
46,CP,1,205,amb,1,24.0732,32.5297,37.4193,38.1936,42.6794,43.1371,43.9114,39.1994,41.9545,40.549,41.1675,43.3567,43.4042,43.8771
47,CP,1,208,amb,1,33.9465,37.1117,37.9882,37.744,42.5546,43.307,43.873,39.1994,41.9545,40.549,41.1675,43.3567,43.4042,43.8771
48,CP,1,210,amb,1,38.4176,37.5922,38.8878,38.3445,43.2484,45.0629,44.9649,39.1994,41.9545,40.549,41.1675,43.3567,43.4042,43.8771
49,CP,1,212,amb,1,32.7539,35.4096,36.9587,36.4746,41.9234,42.3482,44.7567,39.1994,41.9545,40.549,41.1675,43.3567,43.4042,43.8771
50,CP,1,215,amb,1,25.5711,31.014,33.7679,33.5985,38.3431,42.2781,43.4378,39.1994,41.9545,40.549,41.1675,43.3567,43.4042,43.8771
51,CP,1,219,amb,1,36.1452,37.7324,37.4592,36.1349,39.884,42.5398,43.68,39.1994,41.9545,40.549,41.1675,43.3567,43.4042,43.8771
52,CP,1,222,amb,1,30.888,35.9216,36.8541,35.457,39.3936,42.7814,44.3496,39.1994,41.9545,40.549,41.1675,43.3567,43.4042,43.8771
53,CP,1,224,amb,1,26.5282,32.3038,34.8862,33.7064,37.6154,40.913,43.3494,39.1994,41.9545,40.549,41.1675,43.3567,43.4042,43.8771
54,CP,1,227,amb,1,22.7419,28.4231,32.1798,31.6958,34.713,37.7911,41.5661,39.1994,41.9545,40.549,41.1675,43.3567,43.4042,43.8771
55,CP,1,229,amb,1,32.0577,32.885,34.771,33.2744,36.1698,38.465,41.4078,39.1994,41.9545,40.549,41.1675,43.3567,43.4042,43.8771
56,CP,1,232,amb,1,39.4891,40.638,39.3237,38.1471,39.4769,39.7491,41.8863,39.1994,41.9545,40.549,41.1675,43.3567,43.4042,43.8771
57,CP,1,236,amb,1,39.4469,41.0483,39.972,39.7598,41.8052,42.22,43.0058,39.1994,41.9545,40.549,41.1675,43.3567,43.4042,43.8771
58,CP,1,238,amb,1,38.6331,41.3265,40.3425,40.4744,42.1711,42.6395,43.1835,39.1994,41.9545,40.549,41.1675,43.3567,43.4042,43.8771
59,CP,1,243,amb,1,38.3943,40.8542,40.0204,40.0877,42.3194,42.6555,42.9482,39.1994,41.9545,40.549,41.1675,43.3567,43.4042,43.8771
60,CP,1,245,amb,1,37.0009,40.8538,40.268,40.2266,42.6038,42.6354,42.832,39.1994,41.9545,40.549,41.1675,43.3567,43.4042,43.8771
61,CP,1,247,amb,1,33.9578,39.8593,39.5705,39.4713,41.6034,41.7766,42.0725,39.1994,41.9545,40.549,41.1675,43.3567,43.4042,43.8771
62,CP,1,250,amb,1,30.4666,38.1902,39.5636,39.9427,41.3301,42.144,41.2685,39.1994,41.9545,40.549,41.1675,43.3567,43.4042,43.8771
63,CP,1,252,amb,1,29.8447,37.6133,39.2023,38.9174,41.705,41.8945,42.2992,39.1994,41.9545,40.549,41.1675,43.3567,43.4042,43.8771
64,CP,1,254,amb,1,28.6176,36.591,39.0152,38.9164,41.6506,42.0794,42.3162,39.1994,41.9545,40.549,41.1675,43.3567,43.4042,43.8771
65,CP,1,258,amb,1,25.611,32.3368,37.074,37.2576,39.9684,40.3672,41.1819,39.1994,41.9545,40.549,41.1675,43.3567,43.4042,43.8771
66,CP,1,260,amb,1,24.1452,30.9316,36.0795,36.3703,39.3165,39.9921,40.7582,39.1994,41.9545,40.549,41.1675,43.3567,43.4042,43.8771
100,CP,3,174,ele,2,41.6081,44.7311,42.2091,41.8648,43.9712,44.4711,44.416,41.6081,44.7311,42.2091,41.8648,43.9712,44.4711,44.416
101,CP,3,177,ele,2,38.3367,44.5407,42.3471,42.1077,43.8963,44.4514,44.2879,41.6081,44.7311,42.2091,41.8648,43.9712,44.4711,44.416
102,CP,3,181,ele,2,33.1024,43.7458,41.9678,41.6462,43.7151,44.1916,44.0284,41.6081,44.7311,42.2091,41.8648,43.9712,44.4711,44.416
103,CP,3,183,ele,2,31.4925,43.7329,41.7812,41.5003,43.5636,44.1372,44.145,41.6081,44.7311,42.2091,41.8648,43.9712,44.4711,44.416
104,CP,3,187,ele,2,40.6409,44.2058,41.9893,41.6053,43.7032,44.3078,44.1457,41.6081,44.7311,42.2091,41.8648,43.9712,44.4711,44.416
105,CP,3,189,ele,2,41.3878,44.3706,41.998,41.6561,43.5735,44.0817,44.1133,41.6081,44.7311,42.2091,41.8648,43.9712,44.4711,44.416
106,CP,3,191,ele,2,41.3343,44.4706,42.1133,41.9587,43.8834,44.4576,44.3053,41.6081,44.7311,42.2091,41.8648,43.9712,44.4711,44.416
107,CP,3,194,ele,2,39.0247,44.3041,41.9485,41.9699,43.7887,44.3403,44.2223,41.6081,44.7311,42.2091,41.8648,43.9712,44.4711,44.416
108,CP,3,196,ele,2,41.3934,44.5662,42.2913,42.008,43.9491,44.5437,44.5126,41.6081,44.7311,42.2091,41.8648,43.9712,44.4711,44.416
109,CP,3,198,ele,2,37.8777,43.5589,41.7496,41.5432,43.4885,44.0593,43.9834,41.6081,44.7311,42.2091,41.8648,43.9712,44.4711,44.416
110,CP,3,201,ele,2,31.3492,42.6838,41.5231,41.408,43.5948,44.245,44.1575,41.6081,44.7311,42.2091,41.8648,43.9712,44.4711,44.416
111,CP,3,203,ele,2,28.1788,41.6784,41.5311,41.3365,43.4997,43.956,44.0605,41.6081,44.7311,42.2091,41.8648,43.9712,44.4711,44.416
112,CP,3,205,ele,2,25.7914,39.9365,41.2221,41.0927,43.2756,43.8883,43.8442,41.6081,44.7311,42.2091,41.8648,43.9712,44.4711,44.416
113,CP,3,208,ele,2,36.581,42.5316,41.2017,41.0097,43.3932,44.0176,44.0718,41.6081,44.7311,42.2091,41.8648,43.9712,44.4711,44.416
114,CP,3,210,ele,2,38.0725,41.7227,40.9974,40.8948,42.9914,43.7509,43.7913,41.6081,44.7311,42.2091,41.8648,43.9712,44.4711,44.416
115,CP,3,212,ele,2,36.2261,41.5995,41.11,40.8343,43.2121,43.9773,44.1566,41.6081,44.7311,42.2091,41.8648,43.9712,44.4711,44.416
116,CP,3,215,ele,2,29.9006,39.3502,40.3097,40.2963,42.5772,43.3111,43.4803,41.6081,44.7311,42.2091,41.8648,43.9712,44.4711,44.416
117,CP,3,219,ele,2,37.0296,41.8097,40.868,40.49,42.8333,43.5481,43.6126,41.6081,44.7311,42.2091,41.8648,43.9712,44.4711,44.416
118,CP,3,222,ele,2,33.8794,41.0673,41.0132,40.5534,43.0353,43.8177,43.7524,41.6081,44.7311,42.2091,41.8648,43.9712,44.4711,44.416
119,CP,3,224,ele,2,30.0601,39.8322,40.4313,40.4143,42.9281,43.8265,43.7727,41.6081,44.7311,42.2091,41.8648,43.9712,44.4711,44.416
120,CP,3,227,ele,2,26.7372,37.7891,39.573,39.6975,42.3742,43.656,43.8567,41.6081,44.7311,42.2091,41.8648,43.9712,44.4711,44.416
121,CP,3,229,ele,2,32.2878,32.2354,40.3525,37.1693,41.4642,42.8053,43.1665,41.6081,44.7311,42.2091,41.8648,43.9712,44.4711,44.416
122,CP,3,232,ele,2,40.649,43.4911,41.7677,40.6904,42.8055,43.8372,43.7408,41.6081,44.7311,42.2091,41.8648,43.9712,44.4711,44.416
123,CP,3,236,ele,2,40.3009,43.5985,41.5524,41.1476,43.373,43.975,43.9428,41.6081,44.7311,42.2091,41.8648,43.9712,44.4711,44.416
124,CP,3,238,ele,2,38.7862,43.1083,41.6265,40.6998,43.1042,43.5878,43.759,41.6081,44.7311,42.2091,41.8648,43.9712,44.4711,44.416
125,CP,3,243,ele,2,39.6027,43.2353,41.707,41.1408,43.1178,43.7909,43.7061,41.6081,44.7311,42.2091,41.8648,43.9712,44.4711,44.416
126,CP,3,245,ele,2,38.572,42.6159,40.9848,40.5504,42.9351,43.4531,43.2683,41.6081,44.7311,42.2091,41.8648,43.9712,44.4711,44.416
127,CP,3,247,ele,2,36.2558,42.4875,40.9951,40.5915,42.8409,43.4616,43.2567,41.6081,44.7311,42.2091,41.8648,43.9712,44.4711,44.416
128,CP,3,250,ele,2,37.6612,44.0455,41.9187,41.2031,43.9467,44.5922,44.5768,41.6081,44.7311,42.2091,41.8648,43.9712,44.4711,44.416
129,CP,3,252,ele,2,35.7132,43.0885,41.7719,41.1826,44.1833,44.4844,44.3397,41.6081,44.7311,42.2091,41.8648,43.9712,44.4711,44.416
130,CP,3,254,ele,2,31.5082,40.5805,40.7018,40.4127,42.8523,43.4056,43.376,41.6081,44.7311,42.2091,41.8648,43.9712,44.4711,44.416
131,CP,3,258,ele,2,27.9856,38.3334,39.9019,39.8086,42.2735,43.255,43.1091,41.6081,44.7311,42.2091,41.8648,43.9712,44.4711,44.416
132,CP,3,260,ele,2,26.1766,36.6893,38.879,39.4755,41.9741,43.0248,42.9299,41.6081,44.7311,42.2091,41.8648,43.9712,44.4711,44.416
166,CP,4,174,amb,2,38.3415,43.1601,41.8778,42.2633,42.6265,42.8353,43.2812,38.3415,43.1601,41.8778,42.2633,42.6265,42.8353,43.2812
167,CP,4,177,amb,2,32.7995,43.0162,42.0247,42.2206,42.699,42.9503,43.312,38.3415,43.1601,41.8778,42.2633,42.6265,42.8353,43.2812
168,CP,4,181,amb,2,24.109,41.2019,41.6196,41.9285,42.5087,42.7606,43.1751,38.3415,43.1601,41.8778,42.2633,42.6265,42.8353,43.2812
169,CP,4,183,amb,2,22.7399,40.4043,41.5556,42.0124,42.4341,42.7281,43.2267,38.3415,43.1601,41.8778,42.2633,42.6265,42.8353,43.2812
170,CP,4,187,amb,2,35.9672,42.7019,41.6708,42.0543,42.4254,42.6557,43.0998,38.3415,43.1601,41.8778,42.2633,42.6265,42.8353,43.2812
171,CP,4,189,amb,2,38.1984,43.0435,41.8469,42.1791,42.4248,42.7071,43.194,38.3415,43.1601,41.8778,42.2633,42.6265,42.8353,43.2812
172,CP,4,191,amb,2,37.8388,42.6255,41.8361,42.0757,42.4131,42.6337,43.227,38.3415,43.1601,41.8778,42.2633,42.6265,42.8353,43.2812
173,CP,4,194,amb,2,34.4722,42.7026,42.1579,42.1489,42.7587,42.9166,43.5019,38.3415,43.1601,41.8778,42.2633,42.6265,42.8353,43.2812
174,CP,4,196,amb,2,37.9895,44.3614,42.7459,42.1573,43.9839,43.8547,44.1134,38.3415,43.1601,41.8778,42.2633,42.6265,42.8353,43.2812
175,CP,4,198,amb,2,33.8364,41.1777,41.5881,42.117,42.6869,42.7482,43.1639,38.3415,43.1601,41.8778,42.2633,42.6265,42.8353,43.2812
176,CP,4,201,amb,2,25.0521,37.8843,41.2465,41.7129,42.4307,42.6532,43.0341,38.3415,43.1601,41.8778,42.2633,42.6265,42.8353,43.2812
177,CP,4,203,amb,2,21.3707,32.8512,40.8159,41.4431,42.423,42.6749,43.2893,38.3415,43.1601,41.8778,42.2633,42.6265,42.8353,43.2812
178,CP,4,205,amb,2,19.5619,29.2015,39.9263,41.1141,42.2758,42.5895,43.0159,38.3415,43.1601,41.8778,42.2633,42.6265,42.8353,43.2812
179,CP,4,208,amb,2,28.8411,34.5308,40.176,41.0312,42.2152,42.5301,43.1763,38.3415,43.1601,41.8778,42.2633,42.6265,42.8353,43.2812
180,CP,4,210,amb,2,30.9765,32.816,39.1771,40.6061,42.2763,42.5719,43.2939,38.3415,43.1601,41.8778,42.2633,42.6265,42.8353,43.2812
181,CP,4,212,amb,2,28.3005,32.1479,39.2514,40.9491,43.0251,43.451,43.8909,38.3415,43.1601,41.8778,42.2633,42.6265,42.8353,43.2812
182,CP,4,215,amb,2,21.8755,27.1928,35.0209,37.8341,41.8595,42.3269,43.1298,38.3415,43.1601,41.8778,42.2633,42.6265,42.8353,43.2812
183,CP,4,219,amb,2,30.604,33.8286,38.8583,39.9614,41.9468,42.2353,42.9093,38.3415,43.1601,41.8778,42.2633,42.6265,42.8353,43.2812
184,CP,4,222,amb,2,25.4657,30.8526,36.9644,37.8671,41.5121,42.3081,42.9514,38.3415,43.1601,41.8778,42.2633,42.6265,42.8353,43.2812
185,CP,4,224,amb,2,21.7116,27.6301,34.8338,35.9061,40.4642,42.3902,43.2887,38.3415,43.1601,41.8778,42.2633,42.6265,42.8353,43.2812
186,CP,4,227,amb,2,18.7332,24.7,31.2994,32.538,37.5168,40.4272,42.3788,38.3415,43.1601,41.8778,42.2633,42.6265,42.8353,43.2812
187,CP,4,229,amb,2,37.9411,40.2092,.,.,.,.,.,38.3415,43.1601,41.8778,42.2633,42.6265,42.8353,43.2812
188,CP,4,232,amb,2,37.9589,39.2457,40.4653,40.4358,41.7594,42.5151,43.4136,38.3415,43.1601,41.8778,42.2633,42.6265,42.8353,43.2812
189,CP,4,236,amb,2,36.4539,39.1151,40.2735,40.1057,41.5088,42.0964,42.7978,38.3415,43.1601,41.8778,42.2633,42.6265,42.8353,43.2812
190,CP,4,238,amb,2,38.4004,40.0747,40.8437,41.838,42.7034,43.5486,44.0568,38.3415,43.1601,41.8778,42.2633,42.6265,42.8353,43.2812
191,CP,4,243,amb,2,39.6483,41.7541,40.6302,40.875,41.8236,42.4509,42.7459,38.3415,43.1601,41.8778,42.2633,42.6265,42.8353,43.2812
192,CP,4,245,amb,2,32.6069,37.0489,39.4802,39.4684,41.0063,41.8238,42.6642,38.3415,43.1601,41.8778,42.2633,42.6265,42.8353,43.2812
193,CP,4,247,amb,2,30.8582,35.764,39.2096,39.1669,41.1088,42.141,42.979,38.3415,43.1601,41.8778,42.2633,42.6265,42.8353,43.2812
194,CP,4,250,amb,2,27.8189,34.4919,38.5973,37.9379,40.2566,41.1042,41.849,38.3415,43.1601,41.8778,42.2633,42.6265,42.8353,43.2812
195,CP,4,252,amb,2,25.5491,32.5211,37.4111,37.104,39.8691,40.9397,41.965,38.3415,43.1601,41.8778,42.2633,42.6265,42.8353,43.2812
196,CP,4,254,amb,2,24.6286,31.3841,36.4629,36.2076,39.223,40.7557,41.8636,38.3415,43.1601,41.8778,42.2633,42.6265,42.8353,43.2812
197,CP,4,258,amb,2,21.5083,27.1121,33.6154,33.957,37.5538,39.6712,41.4935,38.3415,43.1601,41.8778,42.2633,42.6265,42.8353,43.2812
198,CP,4,260,amb,2,20.2845,25.8968,32.8254,33.3756,36.816,39.1022,41.2077,38.3415,43.1601,41.8778,42.2633,42.6265,42.8353,43.2812
232,CP,5,174,ele,1,43.586,45.2166,42.8765,43.0557,42.991,43.1179,43.185,43.586,45.2166,42.8765,43.0557,42.991,43.1179,43.185
233,CP,5,177,ele,1,36.1656,45.377,43.0557,43.2047,43.2036,43.2775,43.1073,43.586,45.2166,42.8765,43.0557,42.991,43.1179,43.185
234,CP,5,181,ele,1,26.901,43.1922,42.6341,42.8012,42.8319,42.9371,42.8422,43.586,45.2166,42.8765,43.0557,42.991,43.1179,43.185
235,CP,5,183,ele,1,25.1318,41.7204,42.631,42.705,42.7365,42.8839,42.7887,43.586,45.2166,42.8765,43.0557,42.991,43.1179,43.185
236,CP,5,187,ele,1,41.2347,45.0256,42.5915,42.7063,42.8103,42.8945,42.8097,43.586,45.2166,42.8765,43.0557,42.991,43.1179,43.185
237,CP,5,189,ele,1,42.4765,45.071,42.7609,42.6856,42.6734,42.7359,42.6516,43.586,45.2166,42.8765,43.0557,42.991,43.1179,43.185
238,CP,5,191,ele,1,42.6314,44.8909,42.5686,42.7368,42.7894,43.12,43.0566,43.586,45.2166,42.8765,43.0557,42.991,43.1179,43.185
239,CP,5,194,ele,1,38.8941,44.8764,42.5897,42.7068,42.737,42.7362,42.7153,43.586,45.2166,42.8765,43.0557,42.991,43.1179,43.185
240,CP,5,196,ele,1,43.1423,45.3509,42.7474,42.7264,42.7151,42.852,42.7148,43.586,45.2166,42.8765,43.0557,42.991,43.1179,43.185
241,CP,5,198,ele,1,38.1004,44.7282,42.7698,42.9377,42.9583,43.0113,42.8841,43.586,45.2166,42.8765,43.0557,42.991,43.1179,43.185
242,CP,5,201,ele,1,29.5167,42.8793,42.3487,42.6857,42.758,42.9164,42.8736,43.586,45.2166,42.8765,43.0557,42.991,43.1179,43.185
243,CP,5,203,ele,1,25.7756,39.4096,42.0753,42.6205,42.5894,42.7885,42.7465,43.586,45.2166,42.8765,43.0557,42.991,43.1179,43.185
244,CP,5,205,ele,1,24.098,36.0585,41.3078,42.2562,42.5791,42.7786,42.7582,43.586,45.2166,42.8765,43.0557,42.991,43.1179,43.185
245,CP,5,208,ele,1,33.5519,41.2316,41.7724,42.2541,42.6102,42.8206,42.7995,43.586,45.2166,42.8765,43.0557,42.991,43.1179,43.185
246,CP,5,210,ele,1,36.4211,40.7842,41.3098,42.1284,42.4408,42.7989,42.7784,43.586,45.2166,42.8765,43.0557,42.991,43.1179,43.185
247,CP,5,212,ele,1,33.2578,39.6814,40.6067,41.9302,42.3998,42.7681,42.8211,43.586,45.2166,42.8765,43.0557,42.991,43.1179,43.185
248,CP,5,215,ele,1,26.1564,35.1367,38.5567,40.686,41.9392,42.4308,42.5687,43.586,45.2166,42.8765,43.0557,42.991,43.1179,43.185
249,CP,5,219,ele,1,35.6078,41.6935,41.2541,42.0118,42.4517,42.7467,42.8423,43.586,45.2166,42.8765,43.0557,42.991,43.1179,43.185
250,CP,5,222,ele,1,30.6544,39.5736,40.6505,41.7643,42.6307,42.831,43.044,43.586,45.2166,42.8765,43.0557,42.991,43.1179,43.185
251,CP,5,224,ele,1,27.0587,36.4514,39.2247,40.7985,42.6088,43.6217,43.9121,43.586,45.2166,42.8765,43.0557,42.991,43.1179,43.185
252,CP,5,227,ele,1,23.7015,30.9187,35.1101,36.8801,39.2068,41.5756,44.0763,43.586,45.2166,42.8765,43.0557,42.991,43.1179,43.185
253,CP,5,229,ele,1,37.1765,39.6089,41.5746,39.0269,39.7022,41.2031,42.3249,43.586,45.2166,42.8765,43.0557,42.991,43.1179,43.185
254,CP,5,232,ele,1,42.9202,44.995,42.8749,42.8637,42.9896,42.9473,43.0748,43.586,45.2166,42.8765,43.0557,42.991,43.1179,43.185
255,CP,5,236,ele,1,41.8037,44.5113,42.4946,42.6105,42.8005,42.7472,42.8736,43.586,45.2166,42.8765,43.0557,42.991,43.1179,43.185
256,CP,5,238,ele,1,39.647,44.1928,42.3901,42.4633,42.5679,42.6205,42.7997,43.586,45.2166,42.8765,43.0557,42.991,43.1179,43.185
257,CP,5,243,ele,1,40.4155,44.4458,42.4835,42.6978,42.8983,42.5234,42.6194,43.586,45.2166,42.8765,43.0557,42.991,43.1179,43.185
258,CP,5,245,ele,1,37.0019,43.6196,42.0551,42.066,42.1894,42.1582,42.3256,43.586,45.2166,42.8765,43.0557,42.991,43.1179,43.185
259,CP,5,247,ele,1,33.1627,42.7379,41.9593,41.9918,42.0748,41.9708,42.1785,43.586,45.2166,42.8765,43.0557,42.991,43.1179,43.185
260,CP,5,250,ele,1,31.5784,42.7947,42.0981,42.1689,42.2727,42.0948,42.3373,43.586,45.2166,42.8765,43.0557,42.991,43.1179,43.185
261,CP,5,252,ele,1,29.2152,40.8448,42.0798,42.226,42.4537,42.2973,42.5305,43.586,45.2166,42.8765,43.0557,42.991,43.1179,43.185
262,CP,5,254,ele,1,26.7366,37.7475,41.2204,41.7285,41.9208,41.6576,42.3115,43.586,45.2166,42.8765,43.0557,42.991,43.1179,43.185
263,CP,5,258,ele,1,23.2733,32.5176,37.9548,38.9844,39.2036,39.4016,40.8018,43.586,45.2166,42.8765,43.0557,42.991,43.1179,43.185
264,CP,5,260,ele,1,22.0486,30.4769,36.1085,37.4778,37.8462,38.2583,40.0376,43.586,45.2166,42.8765,43.0557,42.991,43.1179,43.185
298,CP,10,174,amb,3,40.9083,41.5887,39.6795,40.4974,41.6159,43.9624,45.0256,40.9083,41.5887,39.6795,40.4974,41.6159,43.9624,45.0256
299,CP,10,177,amb,3,34.3625,41.5515,39.6467,40.4838,41.6772,43.9751,45.1022,40.9083,41.5887,39.6795,40.4974,41.6159,43.9624,45.0256
300,CP,10,181,amb,3,30.0091,40.4013,39.3383,40.1501,41.3149,43.6051,44.7293,40.9083,41.5887,39.6795,40.4974,41.6159,43.9624,45.0256
301,CP,10,183,amb,3,29.1127,39.9881,39.3868,40.0275,41.1597,43.5298,44.771,40.9083,41.5887,39.6795,40.4974,41.6159,43.9624,45.0256
302,CP,10,187,amb,3,38.4314,41.1769,39.4681,40.2521,41.377,43.6059,44.8062,40.9083,41.5887,39.6795,40.4974,41.6159,43.9624,45.0256
303,CP,10,189,amb,3,39.5352,41.3682,39.5876,40.2825,41.2745,43.4593,44.6979,40.9083,41.5887,39.6795,40.4974,41.6159,43.9624,45.0256
304,CP,10,191,amb,3,40.5345,41.5998,39.7308,40.4352,41.5043,43.6939,44.8393,40.9083,41.5887,39.6795,40.4974,41.6159,43.9624,45.0256
305,CP,10,194,amb,3,37.3158,41.7313,39.9904,40.7627,42.288,44.3551,45.0387,40.9083,41.5887,39.6795,40.4974,41.6159,43.9624,45.0256
306,CP,10,196,amb,3,40.6982,41.5111,39.819,40.6005,41.5676,43.7285,44.8946,40.9083,41.5887,39.6795,40.4974,41.6159,43.9624,45.0256
307,CP,10,198,amb,3,36.1772,41.0235,39.5072,40.2315,41.3354,43.5859,44.7193,40.9083,41.5887,39.6795,40.4974,41.6159,43.9624,45.0256
308,CP,10,201,amb,3,30.0852,40.1912,39.6166,40.3816,41.4381,43.6375,44.7934,40.9083,41.5887,39.6795,40.4974,41.6159,43.9624,45.0256
309,CP,10,203,amb,3,27.2151,39.1937,39.7476,40.5826,41.6548,43.8839,45.056,40.9083,41.5887,39.6795,40.4974,41.6159,43.9624,45.0256
310,CP,10,205,amb,3,25.6647,37.1453,39.093,39.8788,41.1601,43.4873,44.6619,40.9083,41.5887,39.6795,40.4974,41.6159,43.9624,45.0256
311,CP,10,208,amb,3,31.9045,38.6227,39.154,39.9289,41.2941,43.6477,44.9462,40.9083,41.5887,39.6795,40.4974,41.6159,43.9624,45.0256
312,CP,10,210,amb,3,34.2575,37.807,38.7598,39.4605,40.9661,43.4027,44.5764,40.9083,41.5887,39.6795,40.4974,41.6159,43.9624,45.0256
313,CP,10,212,amb,3,30.2529,37.2383,38.6076,39.2851,41.0002,43.713,44.9366,40.9083,41.5887,39.6795,40.4974,41.6159,43.9624,45.0256
314,CP,10,215,amb,3,25.785,33.8067,37.3456,38.4484,40.3666,43.3168,44.652,40.9083,41.5887,39.6795,40.4974,41.6159,43.9624,45.0256
315,CP,10,219,amb,3,29.5301,34.98,37.1084,38.2256,40.2649,43.2635,44.7505,40.9083,41.5887,39.6795,40.4974,41.6159,43.9624,45.0256
316,CP,10,222,amb,3,25.0634,31.6865,34.896,37.0137,39.2843,43.1157,44.858,40.9083,41.5887,39.6795,40.4974,41.6159,43.9624,45.0256
317,CP,10,224,amb,3,22.9103,29.399,32.8213,35.6037,37.6414,41.6013,45.308,40.9083,41.5887,39.6795,40.4974,41.6159,43.9624,45.0256
318,CP,10,227,amb,3,20.3028,25.8576,29.5383,32.1677,32.91,35.2697,41.7959,40.9083,41.5887,39.6795,40.4974,41.6159,43.9624,45.0256
319,CP,10,229,amb,3,25.9427,27.3424,30.2811,32.5391,32.4419,33.4659,39.1878,40.9083,41.5887,39.6795,40.4974,41.6159,43.9624,45.0256
320,CP,10,232,amb,3,37.6175,39.6738,37.4889,36.9142,37.1137,39.1111,42.6588,40.9083,41.5887,39.6795,40.4974,41.6159,43.9624,45.0256
321,CP,10,236,amb,3,37.1808,40.3156,38.4342,38.0174,38.0791,39.8206,42.908,40.9083,41.5887,39.6795,40.4974,41.6159,43.9624,45.0256
322,CP,10,238,amb,3,34.7879,39.4694,37.9013,37.4353,37.6288,39.2128,42.0849,40.9083,41.5887,39.6795,40.4974,41.6159,43.9624,45.0256
323,CP,10,243,amb,3,35.0196,39.6045,38.1681,38.0251,38.2757,39.6563,42.5378,40.9083,41.5887,39.6795,40.4974,41.6159,43.9624,45.0256
324,CP,10,245,amb,3,.,.,.,.,.,.,.,40.9083,41.5887,39.6795,40.4974,41.6159,43.9624,45.0256
325,CP,10,247,amb,3,30.4785,38.6961,38.4192,39.0284,40.3291,42.3672,43.6828,40.9083,41.5887,39.6795,40.4974,41.6159,43.9624,45.0256
326,CP,10,250,amb,3,26.0862,33.2153,35.9598,36.7689,37.2325,37.9729,40.1243,40.9083,41.5887,39.6795,40.4974,41.6159,43.9624,45.0256
327,CP,10,252,amb,3,.,.,.,.,.,.,.,40.9083,41.5887,39.6795,40.4974,41.6159,43.9624,45.0256
328,CP,10,254,amb,3,23.5006,29.8668,33.6437,35.3334,35.6478,36.3554,38.2734,40.9083,41.5887,39.6795,40.4974,41.6159,43.9624,45.0256
329,CP,10,258,amb,3,19.5918,24.8006,29.3229,31.9479,32.6496,31.5863,31.9479,40.9083,41.5887,39.6795,40.4974,41.6159,43.9624,45.0256
330,CP,10,260,amb,3,20.0118,25.3247,29.9537,32.6813,32.6347,32.3716,33.887,40.9083,41.5887,39.6795,40.4974,41.6159,43.9624,45.0256
364,CP,11,174,amb,4,39.5288,40.2754,38.8019,40.3069,42.9194,43.0233,42.4034,39.5288,40.2754,38.8019,40.3069,42.9194,43.0233,42.4034
365,CP,11,177,amb,4,36.0765,40.1229,39.0829,40.3575,42.9514,43.1953,42.6137,39.5288,40.2754,38.8019,40.3069,42.9194,43.0233,42.4034
366,CP,11,181,amb,4,33.0249,39.5359,39.119,40.7119,43.2352,43.3317,42.8545,39.5288,40.2754,38.8019,40.3069,42.9194,43.0233,42.4034
367,CP,11,183,amb,4,31.6335,38.3487,38.375,39.9262,42.4771,42.7909,42.2671,39.5288,40.2754,38.8019,40.3069,42.9194,43.0233,42.4034
368,CP,11,187,amb,4,39.205,39.8107,38.7901,40.3297,42.699,42.9292,42.4647,39.5288,40.2754,38.8019,40.3069,42.9194,43.0233,42.4034
369,CP,11,189,amb,4,40.1248,40.0726,38.6554,40.0251,42.4145,42.6975,42.2465,39.5288,40.2754,38.8019,40.3069,42.9194,43.0233,42.4034
370,CP,11,191,amb,4,39.6414,40.1736,38.8485,40.0851,42.5817,42.8557,42.4563,39.5288,40.2754,38.8019,40.3069,42.9194,43.0233,42.4034
371,CP,11,194,amb,4,37.7782,40.1093,39.0829,40.4397,42.7831,42.9294,42.4461,39.5288,40.2754,38.8019,40.3069,42.9194,43.0233,42.4034
372,CP,11,196,amb,4,40.439,39.7994,38.8281,40.1057,42.6025,42.8551,42.392,39.5288,40.2754,38.8019,40.3069,42.9194,43.0233,42.4034
373,CP,11,198,amb,4,37.4996,39.5736,39.0096,40.3001,42.5953,42.8146,42.3104,39.5288,40.2754,38.8019,40.3069,42.9194,43.0233,42.4034
374,CP,11,201,amb,4,30.9984,37.991,38.6204,40.0663,42.8637,43.0042,42.4861,39.5288,40.2754,38.8019,40.3069,42.9194,43.0233,42.4034
375,CP,11,203,amb,4,27.4643,35.9194,37.5091,39.4249,42.5183,42.7699,42.2768,39.5288,40.2754,38.8019,40.3069,42.9194,43.0233,42.4034
376,CP,11,205,amb,4,25.5703,33.8238,36.6644,38.8543,42.2904,42.7715,42.351,39.5288,40.2754,38.8019,40.3069,42.9194,43.0233,42.4034
377,CP,11,208,amb,4,36.2884,38.4645,37.5402,39.0423,42.5223,42.9643,42.4489,39.5288,40.2754,38.8019,40.3069,42.9194,43.0233,42.4034
378,CP,11,210,amb,4,37.9488,37.0086,37.1785,38.8134,42.4037,42.6649,42.3924,39.5288,40.2754,38.8019,40.3069,42.9194,43.0233,42.4034
379,CP,11,212,amb,4,34.1116,36.0186,36.6215,38.5579,42.2562,42.6871,42.414,39.5288,40.2754,38.8019,40.3069,42.9194,43.0233,42.4034
380,CP,11,215,amb,4,28.0308,32.3137,34.7572,37.7336,41.7365,42.2768,41.9859,39.5288,40.2754,38.8019,40.3069,42.9194,43.0233,42.4034
381,CP,11,219,amb,4,36.7467,37.4074,36.7273,38.0904,41.8201,42.4448,42.1524,39.5288,40.2754,38.8019,40.3069,42.9194,43.0233,42.4034
382,CP,11,222,amb,4,32.434,35.3019,36.2268,38.2189,42.3523,42.8375,42.5244,39.5288,40.2754,38.8019,40.3069,42.9194,43.0233,42.4034
383,CP,11,224,amb,4,28.5521,32.0309,34.7587,37.1608,41.8728,43.0375,42.6297,39.5288,40.2754,38.8019,40.3069,42.9194,43.0233,42.4034
384,CP,11,227,amb,4,21.7555,31.1891,32.2069,34.9517,39.4038,42.581,42.1235,39.5288,40.2754,38.8019,40.3069,42.9194,43.0233,42.4034
385,CP,11,229,amb,4,34.1985,30.2975,33.0496,34.8543,39.0502,41.4938,41.6625,39.5288,40.2754,38.8019,40.3069,42.9194,43.0233,42.4034
386,CP,11,232,amb,4,40.1619,39.934,38.2506,39.5415,42.0221,42.5206,42.2813,39.5288,40.2754,38.8019,40.3069,42.9194,43.0233,42.4034
387,CP,11,236,amb,4,39.3641,39.5222,38.359,39.555,42.0298,42.4468,41.9983,39.5288,40.2754,38.8019,40.3069,42.9194,43.0233,42.4034
388,CP,11,238,amb,4,38.8478,39.3237,38.6208,39.8167,42.227,42.5203,42.1345,39.5288,40.2754,38.8019,40.3069,42.9194,43.0233,42.4034
389,CP,11,243,amb,4,38.2002,39.4103,37.9992,39.45,41.6588,42.1755,41.5639,39.5288,40.2754,38.8019,40.3069,42.9194,43.0233,42.4034
390,CP,11,245,amb,4,37.3168,39.1638,38.009,39.197,41.9599,42.2886,41.8017,39.5288,40.2754,38.8019,40.3069,42.9194,43.0233,42.4034
391,CP,11,247,amb,4,.,.,.,.,.,.,.,39.5288,40.2754,38.8019,40.3069,42.9194,43.0233,42.4034
392,CP,11,250,amb,4,33.4407,38.0047,37.9248,38.9213,41.8325,42.0873,42.0059,39.5288,40.2754,38.8019,40.3069,42.9194,43.0233,42.4034
393,CP,11,252,amb,4,32.1708,37.3226,38.5257,38.5825,41.8299,42.0625,41.8002,39.5288,40.2754,38.8019,40.3069,42.9194,43.0233,42.4034
394,CP,11,254,amb,4,29.6429,34.5334,36.7948,38.1592,41.5813,41.8587,41.487,39.5288,40.2754,38.8019,40.3069,42.9194,43.0233,42.4034
395,CP,11,258,amb,4,26.8456,31.9815,35.3929,37.8547,41.5459,42.2777,41.9128,39.5288,40.2754,38.8019,40.3069,42.9194,43.0233,42.4034
396,CP,11,260,amb,4,25.404,30.1122,34.5467,37.0477,40.8918,41.7635,41.5153,39.5288,40.2754,38.8019,40.3069,42.9194,43.0233,42.4034
430,CP,14,174,ele,3,38.5249,39.8271,38.8617,40.1449,42.7064,43.2454,42.6828,38.5249,39.8271,38.8617,40.1449,42.7064,43.2454,42.6828
431,CP,14,177,ele,3,32.2559,39.3163,38.8725,39.9641,42.7699,43.3841,42.852,38.5249,39.8271,38.8617,40.1449,42.7064,43.2454,42.6828
432,CP,14,181,ele,3,28.835,38.0163,38.5869,39.8428,42.5791,43.245,42.757,38.5249,39.8271,38.8617,40.1449,42.7064,43.2454,42.6828
433,CP,14,183,ele,3,27.9591,37.4907,38.3235,39.593,42.4214,43.1173,42.5248,38.5249,39.8271,38.8617,40.1449,42.7064,43.2454,42.6828
434,CP,14,187,ele,3,38.0146,39.2174,38.7038,39.8341,42.5058,43.1175,42.5773,38.5249,39.8271,38.8617,40.1449,42.7064,43.2454,42.6828
435,CP,14,189,ele,3,39.0525,39.6475,38.7829,39.9837,42.569,43.054,42.5565,38.5249,39.8271,38.8617,40.1449,42.7064,43.2454,42.6828
436,CP,14,191,ele,3,38.3598,39.5994,38.8221,40.0946,42.6955,43.3196,42.5988,38.5249,39.8271,38.8617,40.1449,42.7064,43.2454,42.6828
437,CP,14,194,ele,3,36.4767,39.1569,38.7141,39.9232,42.5163,43.1279,42.5985,38.5249,39.8271,38.8617,40.1449,42.7064,43.2454,42.6828
438,CP,14,196,ele,3,39.8709,39.5973,38.7136,39.9733,42.5789,43.128,42.6092,38.5249,39.8271,38.8617,40.1449,42.7064,43.2454,42.6828
439,CP,14,198,ele,3,36.0786,38.9073,38.7422,39.9234,42.4962,43.0964,42.588,38.5249,39.8271,38.8617,40.1449,42.7064,43.2454,42.6828
440,CP,14,201,ele,3,31.0398,38.0772,38.7334,39.9631,42.6321,43.1278,42.6935,38.5249,39.8271,38.8617,40.1449,42.7064,43.2454,42.6828
441,CP,14,203,ele,3,29.268,37.011,38.2754,39.494,42.3804,43.0327,42.5353,38.5249,39.8271,38.8617,40.1449,42.7064,43.2454,42.6828
442,CP,14,205,ele,3,27.5034,35.4149,38.0801,39.197,42.2334,42.99,42.5038,38.5249,39.8271,38.8617,40.1449,42.7064,43.2454,42.6828
443,CP,14,208,ele,3,34.7321,37.5931,38.0551,39.2877,42.2562,43.0967,42.5988,38.5249,39.8271,38.8617,40.1449,42.7064,43.2454,42.6828
444,CP,14,210,ele,3,36.835,37.3412,38.0554,39.0908,42.1206,42.9694,42.5255,38.5249,39.8271,38.8617,40.1449,42.7064,43.2454,42.6828
445,CP,14,212,ele,3,33.2699,36.3392,37.8501,38.9813,42.0151,43.0116,42.5672,38.5249,39.8271,38.8617,40.1449,42.7064,43.2454,42.6828
446,CP,14,215,ele,3,28.189,33.6311,37.0322,38.5297,41.7147,42.7157,42.3885,38.5249,39.8271,38.8617,40.1449,42.7064,43.2454,42.6828
447,CP,14,219,ele,3,32.8236,36.2581,37.765,38.9011,41.995,42.9162,42.4832,38.5249,39.8271,38.8617,40.1449,42.7064,43.2454,42.6828
448,CP,14,222,ele,3,28.8193,33.8175,37.0377,38.3094,41.7355,42.8845,42.4726,38.5249,39.8271,38.8617,40.1449,42.7064,43.2454,42.6828
449,CP,14,224,ele,3,26.1262,31.6411,35.6946,37.0479,40.8532,43.7098,43.3672,38.5249,39.8271,38.8617,40.1449,42.7064,43.2454,42.6828
450,CP,14,227,ele,3,23.7213,28.9698,34.181,36.1111,39.9914,43.485,42.1573,38.5249,39.8271,38.8617,40.1449,42.7064,43.2454,42.6828
451,CP,14,229,ele,3,29.0348,29.842,33.0964,34.4901,37.2345,40.8197,41.9705,38.5249,39.8271,38.8617,40.1449,42.7064,43.2454,42.6828
452,CP,14,232,ele,3,37.9742,38.296,37.8157,38.7147,41.5039,42.8627,42.4198,38.5249,39.8271,38.8617,40.1449,42.7064,43.2454,42.6828
453,CP,14,236,ele,3,36.8044,38.2306,38.0807,39.0777,41.8703,42.8413,42.3671,38.5249,39.8271,38.8617,40.1449,42.7064,43.2454,42.6828
454,CP,14,238,ele,3,35.2593,37.8193,37.9768,38.8133,41.7657,42.8099,42.3145,38.5249,39.8271,38.8617,40.1449,42.7064,43.2454,42.6828
455,CP,14,243,ele,3,35.1194,37.7697,37.9012,38.96,41.4349,42.5568,42.1576,38.5249,39.8271,38.8617,40.1449,42.7064,43.2454,42.6828
456,CP,14,245,ele,3,32.8022,36.891,37.5813,38.5327,41.3244,42.5367,41.9279,38.5249,39.8271,38.8617,40.1449,42.7064,43.2454,42.6828
457,CP,14,247,ele,3,31.0722,36.7283,38.0568,38.702,41.0967,42.7575,42.2197,38.5249,39.8271,38.8617,40.1449,42.7064,43.2454,42.6828
458,CP,14,250,ele,3,28.7623,33.6276,37.2113,37.7145,40.1684,42.1579,41.6264,38.5249,39.8271,38.8617,40.1449,42.7064,43.2454,42.6828
459,CP,14,252,ele,3,26.3705,30.0147,35.9778,37.3248,39.9936,41.9087,41.7613,38.5249,39.8271,38.8617,40.1449,42.7064,43.2454,42.6828
460,CP,14,254,ele,3,26.3825,31.0476,35.5167,36.8488,39.4081,41.6679,41.6482,38.5249,39.8271,38.8617,40.1449,42.7064,43.2454,42.6828
461,CP,14,258,ele,3,24.7263,29.9634,34.7685,35.9508,38.9336,41.1063,41.3081,38.5249,39.8271,38.8617,40.1449,42.7064,43.2454,42.6828
462,CP,14,260,ele,3,22.3928,25.9779,31.4158,33.4224,36.0922,39.2346,40.2379,38.5249,39.8271,38.8617,40.1449,42.7064,43.2454,42.6828
496,CP,15,174,ele,4,37.9993,40.5159,39.3604,40.3959,42.0423,42.7071,42.0992,37.9993,40.5159,39.3604,40.3959,42.0423,42.7071,42.0992
497,CP,15,177,ele,4,31.0828,39.8493,39.4489,40.5274,42.1478,42.8241,42.2671,37.9993,40.5159,39.3604,40.3959,42.0423,42.7071,42.0992
498,CP,15,181,ele,4,27.1146,38.0047,38.7891,40.1954,41.9897,42.6648,42.1196,37.9993,40.5159,39.3604,40.3959,42.0423,42.7071,42.0992
499,CP,15,183,ele,4,26.1623,36.9893,38.4062,40.1439,41.7949,42.4975,42.0365,37.9993,40.5159,39.3604,40.3959,42.0423,42.7071,42.0992
500,CP,15,187,ele,4,37.7142,40.1649,39.0626,40.2535,41.8538,42.4223,41.952,37.9993,40.5159,39.3604,40.3959,42.0423,42.7071,42.0992
501,CP,15,189,ele,4,38.5903,40.3654,39.0531,40.4278,41.9083,42.5072,41.9227,37.9993,40.5159,39.3604,40.3959,42.0423,42.7071,42.0992
502,CP,15,191,ele,4,37.9831,40.4168,39.1614,40.375,42.0409,42.581,42.046,37.9993,40.5159,39.3604,40.3959,42.0423,42.7071,42.0992
503,CP,15,194,ele,4,36.1895,40.2398,39.2995,40.5288,42.1042,42.6647,42.0881,37.9993,40.5159,39.3604,40.3959,42.0423,42.7071,42.0992
504,CP,15,196,ele,4,39.1392,40.4363,39.1514,40.4053,42.0396,42.7608,42.1394,37.9993,40.5159,39.3604,40.3959,42.0423,42.7071,42.0992
505,CP,15,198,ele,4,35.6267,39.8629,38.9429,40.1726,41.8029,42.4327,41.8692,37.9993,40.5159,39.3604,40.3959,42.0423,42.7071,42.0992
506,CP,15,201,ele,4,29.4344,38.6846,38.9613,40.2406,42.0102,42.7281,42.0362,37.9993,40.5159,39.3604,40.3959,42.0423,42.7071,42.0992
507,CP,15,203,ele,4,27.0617,36.8929,38.433,40.021,42.1223,42.6434,41.9738,37.9993,40.5159,39.3604,40.3959,42.0423,42.7071,42.0992
508,CP,15,205,ele,4,25.2802,35.0759,37.9764,39.8185,41.761,42.5716,42.0673,37.9993,40.5159,39.3604,40.3959,42.0423,42.7071,42.0992
509,CP,15,208,ele,4,33.7525,38.8607,38.5121,39.8804,41.8426,42.5816,42.0651,37.9993,40.5159,39.3604,40.3959,42.0423,42.7071,42.0992
510,CP,15,210,ele,4,36.1385,38.8597,38.4534,39.7973,41.7479,42.667,42.1819,37.9993,40.5159,39.3604,40.3959,42.0423,42.7071,42.0992
511,CP,15,212,ele,4,32.8778,38.14,38.1413,39.5182,41.5741,42.3925,42.0155,37.9993,40.5159,39.3604,40.3959,42.0423,42.7071,42.0992
512,CP,15,215,ele,4,26.7927,34.7215,37.5413,39.1937,41.2763,42.1186,41.5873,37.9993,40.5159,39.3604,40.3959,42.0423,42.7071,42.0992
513,CP,15,219,ele,4,32.1621,38.4586,38.2292,39.4984,41.3449,42.1294,41.6,37.9993,40.5159,39.3604,40.3959,42.0423,42.7071,42.0992
514,CP,15,222,ele,4,27.907,36.2071,37.8395,39.3286,41.3263,42.2652,41.6734,37.9993,40.5159,39.3604,40.3959,42.0423,42.7071,42.0992
515,CP,15,224,ele,4,31.427,37.0541,37.8958,40.7933,42.7459,44.3732,44.4166,37.9993,40.5159,39.3604,40.3959,42.0423,42.7071,42.0992
516,CP,15,227,ele,4,23.3012,29.7378,34.0247,35.9937,39.2172,41.7136,41.4542,37.9993,40.5159,39.3604,40.3959,42.0423,42.7071,42.0992
517,CP,15,229,ele,4,28.4246,33.2947,35.8958,37.3817,40.2328,42.1539,41.7346,37.9993,40.5159,39.3604,40.3959,42.0423,42.7071,42.0992
518,CP,15,232,ele,4,37.0374,40.2754,39.0899,40.0217,41.8522,42.4337,41.8912,37.9993,40.5159,39.3604,40.3959,42.0423,42.7071,42.0992
519,CP,15,236,ele,4,36.7358,40.3041,39,40.0901,41.9455,42.5589,42.1044,37.9993,40.5159,39.3604,40.3959,42.0423,42.7071,42.0992
520,CP,15,238,ele,4,35.9601,40.0508,39.0602,40.0693,41.8434,42.476,42.0048,37.9993,40.5159,39.3604,40.3959,42.0423,42.7071,42.0992
521,CP,15,243,ele,4,35.5602,39.9029,38.9143,39.8924,41.5229,42.1605,41.695,37.9993,40.5159,39.3604,40.3959,42.0423,42.7071,42.0992
522,CP,15,245,ele,4,33.9579,39.8631,38.9613,39.8786,41.7696,42.4543,41.9026,37.9993,40.5159,39.3604,40.3959,42.0423,42.7071,42.0992
523,CP,15,247,ele,4,32.0214,42.2528,40.6302,41.782,44.1566,44.3732,44.2864,37.9993,40.5159,39.3604,40.3959,42.0423,42.7071,42.0992
524,CP,15,250,ele,4,30.4991,39.1823,38.9629,39.801,41.535,42.3098,41.735,37.9993,40.5159,39.3604,40.3959,42.0423,42.7071,42.0992
525,CP,15,252,ele,4,28.7852,38.2226,38.6199,39.7722,41.5027,42.1759,41.5386,37.9993,40.5159,39.3604,40.3959,42.0423,42.7071,42.0992
526,CP,15,254,ele,4,27.7262,37.4873,38.4335,39.742,41.4306,42.2259,41.5007,37.9993,40.5159,39.3604,40.3959,42.0423,42.7071,42.0992
527,CP,15,258,ele,4,26.0432,35.5094,38.3556,39.8587,41.62,42.4802,41.9616,37.9993,40.5159,39.3604,40.3959,42.0423,42.7071,42.0992
528,CP,15,260,ele,4,24.839,33.7244,37.5281,39.4935,41.4422,42.0508,41.9522,37.9993,40.5159,39.3604,40.3959,42.0423,42.7071,42.0992
