"Obs","DOY","CO2","ring","block","true_ten","true_twenty","true_thirty","true_forty","true_fifty","true_sixty","true_seventy","start_ten","start_twenty","start_thirty","start_forty","start_fifty","start_sixty","start_seventy"
"1",159,370,1,1,30.5114,37.2622,37.7925,39.7442,41.6172,42.3415,41.8600,34.5496,38.3124,38.0013,39.8342,41.5374,42.8217,42.2265
"2",159,550,5,1,27.4722,38.4572,40.3826,40.5459,40.9857,41.2633,41.0861,34.4515,39.3490,40.1950,40.3483,40.7659,41.0337,40.8281
"3",160,370,1,1,30.5764,37.3816,37.8391,39.7532,41.5273,42.3433,41.7893,34.5496,38.3124,38.0013,39.8342,41.5374,42.8217,42.2265
"4",160,550,5,1,26.8308,38.0470,40.3435,40.4658,40.8294,41.1143,40.8963,34.4515,39.3490,40.1950,40.3483,40.7659,41.0337,40.8281
"5",161,370,1,1,29.9393,36.7915,37.5412,39.5992,41.3860,42.2007,41.6383,34.5496,38.3124,38.0013,39.8342,41.5374,42.8217,42.2265
"6",161,550,5,1,25.6445,37.1859,40.1241,40.3544,40.7567,41.0539,40.8352,34.4515,39.3490,40.1950,40.3483,40.7659,41.0337,40.8281
"7",164,370,1,1,30.1350,36.8519,37.6255,39.6783,41.5866,42.4333,41.9313,34.5496,38.3124,38.0013,39.8342,41.5374,42.8217,42.2265
"8",164,550,5,1,25.1455,35.9900,40.1842,40.4379,40.9057,41.2247,41.0371,34.4515,39.3490,40.1950,40.3483,40.7659,41.0337,40.8281
"9",166,370,1,1,34.5496,38.3124,38.0013,39.8342,41.5374,42.8217,42.2265,34.5496,38.3124,38.0013,39.8342,41.5374,42.8217,42.2265
"10",166,550,5,1,34.4515,39.3490,40.1950,40.3483,40.7659,41.0337,40.8281,34.4515,39.3490,40.1950,40.3483,40.7659,41.0337,40.8281
"11",168,370,1,1,31.8384,37.5130,37.8496,39.6199,41.4880,42.2412,42.1232,34.5496,38.3124,38.0013,39.8342,41.5374,42.8217,42.2265
"12",168,550,5,1,30.3619,39.0742,40.1454,40.2395,40.6397,40.9152,40.8964,34.4515,39.3490,40.1950,40.3483,40.7659,41.0337,40.8281
"13",171,370,1,1,30.4979,36.6146,37.6173,39.7240,41.5678,42.2419,41.8314,34.5496,38.3124,38.0013,39.8342,41.5374,42.8217,42.2265
"14",171,550,5,1,25.8211,36.7784,40.0845,40.4749,40.7458,41.0732,41.0263,34.4515,39.3490,40.1950,40.3483,40.7659,41.0337,40.8281
"15",173,370,1,1,28.8505,35.7919,37.2468,39.6764,41.6390,42.2609,41.8617,34.5496,38.3124,38.0013,39.8342,41.5374,42.8217,42.2265
"16",173,550,5,1,22.2278,32.6578,39.8424,40.3379,40.9071,41.2048,41.0458,34.4515,39.3490,40.1950,40.3483,40.7659,41.0337,40.8281
"17",175,370,1,1,26.7359,34.5684,36.5353,39.4755,41.8213,42.6518,42.0662,34.5496,38.3124,38.0013,39.8342,41.5374,42.8217,42.2265
"18",175,550,5,1,19.5256,27.3988,39.2312,40.3753,40.9175,41.3670,41.3284,34.4515,39.3490,40.1950,40.3483,40.7659,41.0337,40.8281
"19",178,370,1,1,23.5349,31.0694,35.0581,39.0997,41.4590,42.5065,42.0236,34.5496,38.3124,38.0013,39.8342,41.5374,42.8217,42.2265
"20",178,550,5,1,17.5385,22.4208,37.7170,40.1626,40.8201,41.4382,41.3381,34.4515,39.3490,40.1950,40.3483,40.7659,41.0337,40.8281
"21",180,370,1,1,22.5224,29.1154,34.1511,38.5853,40.9991,42.1217,41.7610,34.5496,38.3124,38.0013,39.8342,41.5374,42.8217,42.2265
"22",180,550,5,1,19.4669,23.9094,37.0112,39.5014,40.7548,41.0341,41.2352,34.4515,39.3490,40.1950,40.3483,40.7659,41.0337,40.8281
"23",184,370,1,1,20.4592,25.9003,31.7780,36.8748,39.9021,41.2405,41.0161,34.5496,38.3124,38.0013,39.8342,41.5374,42.8217,42.2265
"24",184,550,5,1,18.5656,21.7705,34.3877,38.3235,39.7811,40.3102,40.8752,34.4515,39.3490,40.1950,40.3483,40.7659,41.0337,40.8281
"25",188,370,1,1,20.0702,24.6198,30.4726,36.2397,39.4497,40.9554,40.7990,34.5496,38.3124,38.0013,39.8342,41.5374,42.8217,42.2265
"26",188,550,5,1,19.0027,20.9755,32.6782,37.5024,39.2544,39.8491,40.3622,34.4515,39.3490,40.1950,40.3483,40.7659,41.0337,40.8281
"27",192,370,1,1,19.0429,23.4977,28.9943,34.8875,38.8240,40.2850,40.1241,34.5496,38.3124,38.0013,39.8342,41.5374,42.8217,42.2265
"28",192,550,5,1,18.4729,20.4776,31.5450,36.3987,38.7155,39.4488,39.8018,34.4515,39.3490,40.1950,40.3483,40.7659,41.0337,40.8281
"29",194,370,1,1,26.4908,23.9004,28.9843,34.6511,38.6708,40.0428,39.8807,34.5496,38.3124,38.0013,39.8342,41.5374,42.8217,42.2265
"30",194,550,5,1,28.0329,26.8011,34.4355,36.6405,38.6198,39.2746,39.6947,34.4515,39.3490,40.1950,40.3483,40.7659,41.0337,40.8281
"31",196,370,1,1,26.9701,24.4216,28.9881,34.8354,38.9186,40.2179,40.0852,34.5496,38.3124,38.0013,39.8342,41.5374,42.8217,42.2265
"32",196,550,5,1,29.2094,27.4796,34.6405,36.7118,38.8210,39.4948,39.8016,34.4515,39.3490,40.1950,40.3483,40.7659,41.0337,40.8281
"33",199,370,1,1,23.7849,24.6546,28.9686,34.8523,38.7093,40.4024,40.0719,34.5496,38.3124,38.0013,39.8342,41.5374,42.8217,42.2265
"34",199,550,5,1,25.5870,26.9002,34.5813,36.6215,38.8019,39.3808,39.6160,34.4515,39.3490,40.1950,40.3483,40.7659,41.0337,40.8281
"35",201,370,1,1,23.8970,24.7423,29.0755,34.8093,38.9785,40.5044,40.3015,34.5496,38.3124,38.0013,39.8342,41.5374,42.8217,42.2265
"36",201,550,5,1,25.8054,27.5431,35.0101,36.7124,38.8972,39.4855,39.8297,34.4515,39.3490,40.1950,40.3483,40.7659,41.0337,40.8281
"37",208,370,1,1,26.9420,27.2665,30.6640,34.7393,38.6615,40.3048,39.9350,34.5496,38.3124,38.0013,39.8342,41.5374,42.8217,42.2265
"38",208,550,5,1,25.6790,30.3915,37.2583,38.3926,39.1593,39.3582,39.4772,34.4515,39.3490,40.1950,40.3483,40.7659,41.0337,40.8281
"39",210,370,1,1,23.5715,26.2473,30.5911,34.7913,38.7179,40.3542,39.8953,34.5496,38.3124,38.0013,39.8342,41.5374,42.8217,42.2265
"40",210,550,5,1,23.5864,29.1753,37.0718,38.2676,39.1776,39.3396,39.6619,34.4515,39.3490,40.1950,40.3483,40.7659,41.0337,40.8281
"41",213,370,1,1,22.8800,27.4911,31.8666,36.7511,41.2701,42.6405,42.4932,34.5496,38.3124,38.0013,39.8342,41.5374,42.8217,42.2265
"42",213,550,5,1,22.3264,30.0334,39.1369,40.3345,41.6046,42.1195,42.3968,34.4515,39.3490,40.1950,40.3483,40.7659,41.0337,40.8281
"43",215,370,1,1,21.9362,26.4654,31.6337,36.7347,41.3266,42.6808,42.6900,34.5496,38.3124,38.0013,39.8342,41.5374,42.8217,42.2265
"44",215,550,5,1,21.0326,28.4087,38.4059,39.9122,41.4076,41.9658,42.2813,34.4515,39.3490,40.1950,40.3483,40.7659,41.0337,40.8281
"45",217,370,1,1,21.5922,25.9302,31.1012,36.5826,41.2588,42.7778,42.7427,34.5496,38.3124,38.0013,39.8342,41.5374,42.8217,42.2265
"46",217,550,5,1,20.2397,26.9981,37.3078,39.3084,41.0701,41.6754,42.2490,34.4515,39.3490,40.1950,40.3483,40.7659,41.0337,40.8281
"47",224,370,1,1,20.1026,23.9610,29.6588,35.7545,40.7401,42.5131,42.4648,34.5496,38.3124,38.0013,39.8342,41.5374,42.8217,42.2265
"48",224,550,5,1,18.4486,23.0638,33.5506,37.1220,39.9119,41.2821,41.8224,34.4515,39.3490,40.1950,40.3483,40.7659,41.0337,40.8281
"49",228,370,1,1,21.9940,23.7777,29.2771,35.4949,40.6028,42.4163,42.4935,34.5496,38.3124,38.0013,39.8342,41.5374,42.8217,42.2265
"50",228,550,5,1,20.6497,23.2074,33.0734,36.6463,39.6416,41.1589,41.6973,34.4515,39.3490,40.1950,40.3483,40.7659,41.0337,40.8281
"51",233,370,1,1,31.5489,34.6200,35.4052,38.3156,41.1073,42.7816,42.6059,34.5496,38.3124,38.0013,39.8342,41.5374,42.8217,42.2265
"52",233,550,5,1,31.2702,35.3815,42.3187,42.7292,42.9497,42.3863,42.3580,34.4515,39.3490,40.1950,40.3483,40.7659,41.0337,40.8281
"53",236,370,1,1,26.3886,32.3363,33.8339,37.2928,40.3978,42.0169,42.3011,34.5496,38.3124,38.0013,39.8342,41.5374,42.8217,42.2265
"54",236,550,5,1,26.5895,34.1800,41.5291,42.0723,42.2482,41.8274,41.9611,34.4515,39.3490,40.1950,40.3483,40.7659,41.0337,40.8281
"55",240,370,1,1,24.0342,29.9289,33.4732,37.3122,40.8344,42.6733,42.9705,34.5496,38.3124,38.0013,39.8342,41.5374,42.8217,42.2265
"56",240,550,5,1,23.4025,31.8821,41.2118,42.1845,42.0898,41.8661,42.0838,34.4515,39.3490,40.1950,40.3483,40.7659,41.0337,40.8281
"57",243,370,1,1,23.2621,28.3385,33.1846,37.3515,40.6282,42.4318,42.0638,34.5496,38.3124,38.0013,39.8342,41.5374,42.8217,42.2265
"58",243,550,5,1,21.5696,29.9724,40.1876,41.2048,41.2634,41.0929,41.3992,34.4515,39.3490,40.1950,40.3483,40.7659,41.0337,40.8281
"59",245,370,1,1,20.4978,26.9987,32.5021,36.2596,40.8104,42.3341,42.0560,34.5496,38.3124,38.0013,39.8342,41.5374,42.8217,42.2265
"60",245,550,5,1,19.8898,27.3741,37.3530,40.5659,41.5847,41.3490,41.4427,34.4515,39.3490,40.1950,40.3483,40.7659,41.0337,40.8281
"61",250,370,1,1,19.7450,26.1010,31.4907,36.5699,40.6289,42.2302,42.1424,34.5496,38.3124,38.0013,39.8342,41.5374,42.8217,42.2265
"62",250,550,5,1,19.1713,25.7046,35.6697,39.7243,40.8470,40.9216,41.1573,34.4515,39.3490,40.1950,40.3483,40.7659,41.0337,40.8281
"63",254,370,1,1,19.6876,24.8931,29.6935,35.3444,39.9710,42.0222,42.4974,34.5496,38.3124,38.0013,39.8342,41.5374,42.8217,42.2265
"64",254,550,5,1,18.0500,22.7785,34.0448,38.6292,39.7261,40.1270,40.9575,34.4515,39.3490,40.1950,40.3483,40.7659,41.0337,40.8281
"65",258,370,1,1,19.1954,24.2382,29.4370,35.3097,39.4664,41.4544,41.8284,34.5496,38.3124,38.0013,39.8342,41.5374,42.8217,42.2265
"66",258,550,5,1,17.6832,22.8243,33.9655,38.1108,39.3606,39.7818,40.5710,34.4515,39.3490,40.1950,40.3483,40.7659,41.0337,40.8281
"67",261,370,1,1,33.8930,34.6076,34.6681,36.9989,39.9731,41.9256,42.1779,34.5496,38.3124,38.0013,39.8342,41.5374,42.8217,42.2265
"68",261,550,5,1,31.6152,34.0233,41.6805,42.3816,42.2178,41.1918,41.3389,34.4515,39.3490,40.1950,40.3483,40.7659,41.0337,40.8281
"69",264,370,1,1,36.1418,38.0094,36.8912,38.6758,40.0338,42.0198,42.2984,34.5496,38.3124,38.0013,39.8342,41.5374,42.8217,42.2265
"70",264,550,5,1,36.1689,37.3007,42.3566,42.8978,42.5811,41.7567,41.5470,34.4515,39.3490,40.1950,40.3483,40.7659,41.0337,40.8281
"71",269,370,1,1,40.1977,42.0988,40.4851,42.2948,44.2289,44.6079,44.3775,34.5496,38.3124,38.0013,39.8342,41.5374,42.8217,42.2265
"72",269,550,5,1,39.5610,41.2863,43.3584,43.4501,43.9866,43.8482,43.7205,34.4515,39.3490,40.1950,40.3483,40.7659,41.0337,40.8281
"73",273,370,1,1,38.1003,40.9741,39.5127,41.6141,43.6564,44.1486,44.1472,34.5496,38.3124,38.0013,39.8342,41.5374,42.8217,42.2265
"74",273,550,5,1,38.4769,40.7358,42.6673,42.7278,43.3763,43.1857,43.3142,34.4515,39.3490,40.1950,40.3483,40.7659,41.0337,40.8281
"75",159,370,4,2,22.1188,38.0667,41.1145,42.4399,42.4800,43.2663,42.7360,29.8806,40.2184,41.2700,42.5923,42.6958,43.4925,42.7671
"76",159,550,3,2,31.0017,38.6213,40.0467,40.5052,40.1459,41.5684,40.5232,34.5446,39.1424,39.8053,40.5342,40.3437,41.7672,41.1220
"77",160,370,4,2,20.8013,36.9708,41.0016,42.4697,42.7467,43.4619,42.7979,29.8806,40.2184,41.2700,42.5923,42.6958,43.4925,42.7671
"78",160,550,3,2,29.8506,38.4912,39.9934,40.6142,40.3953,41.6216,40.5410,34.5446,39.1424,39.8053,40.5342,40.3437,41.7672,41.1220
"79",161,370,4,2,20.3266,36.5361,41.2225,42.4900,42.7054,43.3996,42.7674,29.8806,40.2184,41.2700,42.5923,42.6958,43.4925,42.7671
"80",161,550,3,2,28.4301,38.1332,40.0150,40.5559,40.4894,41.6104,40.5322,34.5446,39.1424,39.8053,40.5342,40.3437,41.7672,41.1220
"81",164,370,4,2,20.4070,34.3674,40.8744,42.5214,42.6436,43.4419,42.9629,29.8806,40.2184,41.2700,42.5923,42.6958,43.4925,42.7671
"82",164,550,3,2,27.0254,36.8019,39.6999,40.5914,40.5553,41.9319,40.7827,34.5446,39.1424,39.8053,40.5342,40.3437,41.7672,41.1220
"83",166,370,4,2,29.8806,40.2184,41.2700,42.5923,42.6958,43.4925,42.7671,29.8806,40.2184,41.2700,42.5923,42.6958,43.4925,42.7671
"84",166,550,3,2,34.5446,39.1424,39.8053,40.5342,40.3437,41.7672,41.1220,34.5446,39.1424,39.8053,40.5342,40.3437,41.7672,41.1220
"85",168,370,4,2,24.1888,38.4341,41.0167,42.3263,42.5827,43.3366,42.7569,29.8806,40.2184,41.2700,42.5923,42.6958,43.4925,42.7671
"86",168,550,3,2,30.7621,38.5719,39.6754,40.8141,40.4131,41.6315,41.0224,34.5446,39.1424,39.8053,40.5342,40.3437,41.7672,41.1220
"87",171,370,4,2,19.7833,31.9013,40.7622,42.5105,42.5311,43.3165,42.8185,29.8806,40.2184,41.2700,42.5923,42.6958,43.4925,42.7671
"88",171,550,3,2,25.4682,35.5094,39.8104,40.5554,40.3488,41.6770,40.8817,34.5446,39.1424,39.8053,40.5342,40.3437,41.7672,41.1220
"89",173,370,4,2,19.8823,27.7998,40.1042,42.3987,42.8203,43.3168,43.0258,29.8806,40.2184,41.2700,42.5923,42.6958,43.4925,42.7671
"90",173,550,3,2,21.8860,31.6721,39.5805,40.5368,40.4554,41.8428,40.8264,34.5446,39.1424,39.8053,40.5342,40.3437,41.7672,41.1220
"91",175,370,4,2,17.4684,23.4483,37.8091,42.5729,42.7380,43.5878,43.1190,29.8806,40.2184,41.2700,42.5923,42.6958,43.4925,42.7671
"92",175,550,3,2,19.4741,27.4260,39.3678,40.4275,40.6949,41.9737,40.9896,34.5446,39.1424,39.8053,40.5342,40.3437,41.7672,41.1220
"93",178,370,4,2,15.4784,18.2925,33.4375,42.0164,42.6866,43.4720,43.1292,29.8806,40.2184,41.2700,42.5923,42.6958,43.4925,42.7671
"94",178,550,3,2,17.2390,22.0393,37.4700,40.1384,40.3640,41.7528,40.8570,34.5446,39.1424,39.8053,40.5342,40.3437,41.7672,41.1220
"95",180,370,4,2,17.4400,22.0586,36.6859,41.9235,42.7477,43.3782,43.2123,29.8806,40.2184,41.2700,42.5923,42.6958,43.4925,42.7671
"96",180,550,3,2,17.4091,22.1328,35.8434,39.7378,40.1578,41.3354,40.5349,34.5446,39.1424,39.8053,40.5342,40.3437,41.7672,41.1220
"97",184,370,4,2,16.3029,20.3621,31.0156,39.2322,41.7308,42.5726,42.5311,29.8806,40.2184,41.2700,42.5923,42.6958,43.4925,42.7671
"98",184,550,3,2,17.1023,19.9394,30.3819,35.7072,38.5757,40.6828,40.0497,34.5446,39.1424,39.8053,40.5342,40.3437,41.7672,41.1220
"99",188,370,4,2,16.7314,19.8363,28.4376,34.7482,39.7647,42.4635,42.7196,29.8806,40.2184,41.2700,42.5923,42.6958,43.4925,42.7671
"100",188,550,3,2,16.8943,19.4370,28.3907,32.3954,35.8144,39.5522,39.6744,34.5446,39.1424,39.8053,40.5342,40.3437,41.7672,41.1220
"101",192,370,4,2,15.8930,18.6343,26.2596,30.6577,34.2364,38.6810,41.3814,29.8806,40.2184,41.2700,42.5923,42.6958,43.4925,42.7671
"102",192,550,3,2,16.4529,18.6699,26.5141,29.8588,32.4815,36.4672,38.0485,34.5446,39.1424,39.8053,40.5342,40.3437,41.7672,41.1220
"103",194,370,4,2,23.3194,27.8989,34.7207,34.9896,36.2867,39.5375,41.1675,29.8806,40.2184,41.2700,42.5923,42.6958,43.4925,42.7671
"104",194,550,3,2,21.4835,22.4576,31.5664,33.3930,34.2191,37.7844,38.4651,34.5446,39.1424,39.8053,40.5342,40.3437,41.7672,41.1220
"105",196,370,4,2,24.4499,26.4506,33.2136,34.3031,35.8077,38.9375,40.9273,29.8806,40.2184,41.2700,42.5923,42.6958,43.4925,42.7671
"106",196,550,3,2,23.0159,23.1227,32.1216,33.8349,34.4924,37.7374,38.1910,34.5446,39.1424,39.8053,40.5342,40.3437,41.7672,41.1220
"107",199,370,4,2,22.6539,24.3001,31.2168,33.1686,34.9649,38.1985,40.5739,29.8806,40.2184,41.2700,42.5923,42.6958,43.4925,42.7671
"108",199,550,3,2,21.6919,23.0284,31.8839,33.8167,34.5521,38.0408,38.6346,34.5446,39.1424,39.8053,40.5342,40.3437,41.7672,41.1220
"109",201,370,4,2,24.1275,25.5722,32.0575,33.7095,35.3646,38.4710,40.7055,29.8806,40.2184,41.2700,42.5923,42.6958,43.4925,42.7671
"110",201,550,3,2,22.6036,23.1690,32.2465,33.8227,34.5339,37.9542,38.2480,34.5446,39.1424,39.8053,40.5342,40.3437,41.7672,41.1220
"111",208,370,4,2,26.8991,31.1944,36.8715,38.2081,39.2908,39.9391,40.4489,29.8806,40.2184,41.2700,42.5923,42.6958,43.4925,42.7671
"112",208,550,3,2,24.3893,26.3003,35.5135,37.1236,37.4093,39.8086,38.7460,34.5446,39.1424,39.8053,40.5342,40.3437,41.7672,41.1220
"113",210,370,4,2,21.9971,27.3654,35.3866,37.7230,38.6978,39.7542,40.2597,29.8806,40.2184,41.2700,42.5923,42.6958,43.4925,42.7671
"114",210,550,3,2,22.7829,25.4751,35.4194,37.1416,37.4119,39.7096,38.5989,34.5446,39.1424,39.8053,40.5342,40.3437,41.7672,41.1220
"115",213,370,4,2,20.0852,25.1540,33.6901,37.9452,39.7218,41.1961,42.4709,29.8806,40.2184,41.2700,42.5923,42.6958,43.4925,42.7671
"116",213,550,3,2,22.3239,25.8368,37.2492,39.2507,39.6657,42.1484,41.2496,34.5446,39.1424,39.8053,40.5342,40.3437,41.7672,41.1220
"117",215,370,4,2,18.7891,23.0240,31.2766,35.5289,37.9567,39.6724,41.5625,29.8806,40.2184,41.2700,42.5923,42.6958,43.4925,42.7671
"118",215,550,3,2,20.9918,24.8483,36.4649,38.9045,39.4361,41.9602,41.1938,34.5446,39.1424,39.8053,40.5342,40.3437,41.7672,41.1220
"119",217,370,4,2,17.9430,21.5822,29.9045,33.9842,36.4462,38.4127,40.5913,29.8806,40.2184,41.2700,42.5923,42.6958,43.4925,42.7671
"120",217,550,3,2,20.7065,23.9737,35.4230,38.6584,39.1267,41.7092,41.0529,34.5446,39.1424,39.8053,40.5342,40.3437,41.7672,41.1220
"121",224,370,4,2,17.1292,19.9807,27.1713,30.9645,33.7351,35.7824,38.5027,29.8806,40.2184,41.2700,42.5923,42.6958,43.4925,42.7671
"122",224,550,3,2,19.8193,22.6880,33.3976,37.3207,38.7976,41.5340,40.9971,34.5446,39.1424,39.8053,40.5342,40.3437,41.7672,41.1220
"123",228,370,4,2,19.0090,21.0070,27.8977,31.2020,33.7576,35.6003,38.2187,29.8806,40.2184,41.2700,42.5923,42.6958,43.4925,42.7671
"124",228,550,3,2,20.8298,23.0390,33.7114,37.3845,38.3883,41.4301,40.8094,34.5446,39.1424,39.8053,40.5342,40.3437,41.7672,41.1220
"125",233,370,4,2,31.1972,34.3490,41.0609,44.0375,44.0465,44.6857,44.4716,29.8806,40.2184,41.2700,42.5923,42.6958,43.4925,42.7671
"126",233,550,3,2,26.4166,29.4593,40.0757,42.1548,42.2371,43.9474,42.3836,34.5446,39.1424,39.8053,40.5342,40.3437,41.7672,41.1220
"127",236,370,4,2,27.0918,31.7296,41.0831,43.8318,43.8847,44.4127,44.2494,29.8806,40.2184,41.2700,42.5923,42.6958,43.4925,42.7671
"128",236,550,3,2,25.1949,28.6747,40.0078,41.6830,41.9262,43.2548,41.9528,34.5446,39.1424,39.8053,40.5342,40.3437,41.7672,41.1220
"129",240,370,4,2,24.2310,30.2819,39.8780,43.6691,44.2169,44.5731,44.4865,29.8806,40.2184,41.2700,42.5923,42.6958,43.4925,42.7671
"130",240,550,3,2,23.4635,28.0996,39.9965,41.9170,42.2369,43.5303,42.0809,34.5446,39.1424,39.8053,40.5342,40.3437,41.7672,41.1220
"131",243,370,4,2,22.5270,28.6757,38.8494,43.0503,43.7201,43.9666,44.0017,29.8806,40.2184,41.2700,42.5923,42.6958,43.4925,42.7671
"132",243,550,3,2,22.1500,27.1670,39.5892,41.4505,41.7847,43.2266,41.4754,34.5446,39.1424,39.8053,40.5342,40.3437,41.7672,41.1220
"133",245,370,4,2,20.6503,27.8353,36.7470,41.9638,43.4246,43.3822,43.3149,29.8806,40.2184,41.2700,42.5923,42.6958,43.4925,42.7671
"134",245,550,3,2,20.4749,27.1092,38.0234,40.9860,42.0941,42.6693,41.5174,34.5446,39.1424,39.8053,40.5342,40.3437,41.7672,41.1220
"135",250,370,4,2,19.8060,26.2687,34.5367,41.2085,43.0821,43.0733,43.0689,29.8806,40.2184,41.2700,42.5923,42.6958,43.4925,42.7671
"136",250,550,3,2,19.7945,25.9447,37.0544,40.6303,41.9726,42.8626,41.6359,34.5446,39.1424,39.8053,40.5342,40.3437,41.7672,41.1220
"137",254,370,4,2,19.0571,23.3232,34.1371,41.5942,43.1546,43.5573,43.6761,29.8806,40.2184,41.2700,42.5923,42.6958,43.4925,42.7671
"138",254,550,3,2,19.3363,23.5624,36.5263,40.7952,41.3670,43.0120,41.5836,34.5446,39.1424,39.8053,40.5342,40.3437,41.7672,41.1220
"139",258,370,4,2,18.6886,23.4103,34.3091,41.2759,42.9430,43.4077,43.4514,29.8806,40.2184,41.2700,42.5923,42.6958,43.4925,42.7671
"140",258,550,3,2,18.4964,23.0438,36.0294,40.3211,40.6037,42.3752,41.2139,34.5446,39.1424,39.8053,40.5342,40.3437,41.7672,41.1220
"141",261,370,4,2,28.6118,34.8308,42.8878,44.7046,44.8452,45.1936,45.0385,29.8806,40.2184,41.2700,42.5923,42.6958,43.4925,42.7671
"142",261,550,3,2,24.4700,28.5267,40.7719,42.1126,41.8807,43.4247,42.2059,34.5446,39.1424,39.8053,40.5342,40.3437,41.7672,41.1220
"143",264,370,4,2,34.7565,38.3024,43.5714,45.0733,45.2372,45.5228,45.3673,29.8806,40.2184,41.2700,42.5923,42.6958,43.4925,42.7671
"144",264,550,3,2,29.4718,32.0380,41.2627,42.5272,42.2346,43.7408,42.4478,34.5446,39.1424,39.8053,40.5342,40.3437,41.7672,41.1220
"145",269,370,4,2,40.8489,44.0023,44.7924,45.6733,46.0171,46.4281,46.2726,29.8806,40.2184,41.2700,42.5923,42.6958,43.4925,42.7671
"146",269,550,3,2,37.6433,37.8137,42.5284,43.3335,43.3158,44.6673,43.4535,34.5446,39.1424,39.8053,40.5342,40.3437,41.7672,41.1220
"147",273,370,4,2,39.6181,43.4004,44.1650,45.3213,45.5212,45.8834,45.5851,29.8806,40.2184,41.2700,42.5923,42.6958,43.4925,42.7671
"148",273,550,3,2,37.2221,37.9611,41.9734,42.7954,42.6444,44.0446,43.1414,34.5446,39.1424,39.8053,40.5342,40.3437,41.7672,41.1220
"149",159,370,10,3,29.8460,38.0900,37.3025,38.2167,39.4387,41.6155,42.7113,35.8178,38.8889,37.4978,38.1636,39.2526,41.2873,42.4066
"150",159,550,14,3,27.7859,36.1716,37.7315,38.8988,42.0126,43.7652,43.3789,34.0425,37.7412,37.8633,38.6677,41.6762,43.3991,43.2119
"151",160,370,10,3,30.0040,38.2667,37.4693,38.3027,39.4133,41.7070,42.7530,35.8178,38.8889,37.4978,38.1636,39.2526,41.2873,42.4066
"152",160,550,14,3,27.8285,36.4015,37.6111,39.0524,42.0842,43.7651,43.5242,34.0425,37.7412,37.8633,38.6677,41.6762,43.3991,43.2119
"153",161,370,10,3,29.5189,37.9607,37.0599,37.9150,39.1400,41.3029,42.4899,35.8178,38.8889,37.4978,38.1636,39.2526,41.2873,42.4066
"154",161,550,14,3,27.2624,35.9217,37.4337,38.5552,41.8703,43.6611,43.3266,34.0425,37.7412,37.8633,38.6677,41.6762,43.3991,43.2119
"155",164,370,10,3,29.3739,38.0661,37.1496,38.1204,39.3132,41.5651,42.6993,35.8178,38.8889,37.4978,38.1636,39.2526,41.2873,42.4066
"156",164,550,14,3,27.6290,35.8771,37.4890,38.8316,42.1459,43.7343,43.6291,34.0425,37.7412,37.8633,38.6677,41.6762,43.3991,43.2119
"157",166,370,10,3,35.8178,38.8889,37.4978,38.1636,39.2526,41.2873,42.4066,35.8178,38.8889,37.4978,38.1636,39.2526,41.2873,42.4066
"158",166,550,14,3,34.0425,37.7412,37.8633,38.6677,41.6762,43.3991,43.2119,34.0425,37.7412,37.8633,38.6677,41.6762,43.3991,43.2119
"159",168,370,10,3,32.3484,38.2691,37.2729,38.1990,39.3071,41.4095,42.5042,35.8178,38.8889,37.4978,38.1636,39.2526,41.2873,42.4066
"160",168,550,14,3,30.0510,36.7554,37.7229,38.7832,41.7474,43.3790,43.1811,34.0425,37.7412,37.8633,38.6677,41.6762,43.3991,43.2119
"161",171,370,10,3,29.8983,37.9148,37.1551,38.2932,39.3616,41.6970,42.8311,35.8178,38.8889,37.4978,38.1636,39.2526,41.2873,42.4066
"162",171,550,14,3,28.1395,35.7638,37.4987,38.8329,42.0023,43.8494,43.7641,34.0425,37.7412,37.8633,38.6677,41.6762,43.3991,43.2119
"163",173,370,10,3,27.7537,37.0278,37.0806,38.0578,39.3834,41.6447,42.7674,35.8178,38.8889,37.4978,38.1636,39.2526,41.2873,42.4066
"164",173,550,14,3,26.7869,35.0404,37.0917,38.5651,41.9319,43.6717,43.4413,34.0425,37.7412,37.8633,38.6677,41.6762,43.3991,43.2119
"165",175,370,10,3,25.2386,34.7705,36.5473,37.9153,39.4433,41.6887,42.8033,35.8178,38.8889,37.4978,38.1636,39.2526,41.2873,42.4066
"166",175,550,14,3,25.2625,33.7825,36.7246,38.4047,41.8208,43.8816,43.7343,34.0425,37.7412,37.8633,38.6677,41.6762,43.3991,43.2119
"167",178,370,10,3,22.4640,30.0665,34.8019,37.3366,39.2414,41.8608,43.0096,35.8178,38.8889,37.4978,38.1636,39.2526,41.2873,42.4066
"168",178,550,14,3,23.2601,31.3495,35.5353,37.9012,41.4997,43.6503,43.6181,34.0425,37.7412,37.8633,38.6677,41.6762,43.3991,43.2119
"169",180,370,10,3,22.3368,27.3681,33.2769,36.5848,38.8552,41.4479,42.7286,35.8178,38.8889,37.4978,38.1636,39.2526,41.2873,42.4066
"170",180,550,14,3,24.2633,30.2691,34.8834,37.6027,41.5223,43.6516,43.6811,34.0425,37.7412,37.8633,38.6677,41.6762,43.3991,43.2119
"171",184,370,10,3,21.2164,24.8610,30.5238,34.5200,37.6551,40.6942,42.5354,35.8178,38.8889,37.4978,38.1636,39.2526,41.2873,42.4066
"172",184,550,14,3,23.3963,28.3733,33.2115,36.6035,40.4853,42.7211,43.0175,34.0425,37.7412,37.8633,38.6677,41.6762,43.3991,43.2119
"173",188,370,10,3,21.2985,23.5318,28.8515,32.3104,35.9191,39.4712,41.9059,35.8178,38.8889,37.4978,38.1636,39.2526,41.2873,42.4066
"174",188,550,14,3,23.8078,27.3941,32.1276,35.7167,40.1219,42.4141,42.7699,34.0425,37.7412,37.8633,38.6677,41.6762,43.3991,43.2119
"175",192,370,10,3,20.0147,22.8117,27.8474,30.3940,33.1888,37.1116,39.8577,35.8178,38.8889,37.4978,38.1636,39.2526,41.2873,42.4066
"176",192,550,14,3,22.4717,26.5091,31.2163,34.6453,38.4626,41.4614,41.8208,34.0425,37.7412,37.8633,38.6677,41.6762,43.3991,43.2119
"177",194,370,10,3,30.9921,24.0560,28.1454,30.3085,33.1014,36.8132,39.8874,35.8178,38.8889,37.4978,38.1636,39.2526,41.2873,42.4066
"178",194,550,14,3,32.4188,28.0111,31.4372,34.3292,38.1973,41.1388,41.5873,34.0425,37.7412,37.8633,38.6677,41.6762,43.3991,43.2119
"179",196,370,10,3,31.0995,25.2496,28.3754,30.2901,32.8631,36.7335,40.0503,35.8178,38.8889,37.4978,38.1636,39.2526,41.2873,42.4066
"180",196,550,14,3,31.3794,28.7500,31.7815,34.6306,38.3076,41.1100,41.6881,34.0425,37.7412,37.8633,38.6677,41.6762,43.3991,43.2119
"181",199,370,10,3,26.3454,24.9831,28.4387,30.4179,32.9508,36.7497,40.0420,35.8178,38.8889,37.4978,38.1636,39.2526,41.2873,42.4066
"182",199,550,14,3,27.1311,28.2951,31.7984,34.5587,38.2809,41.1711,41.8189,34.0425,37.7412,37.8633,38.6677,41.6762,43.3991,43.2119
"183",201,370,10,3,26.8451,25.1261,28.5967,30.2711,32.9723,36.7453,40.0075,35.8178,38.8889,37.4978,38.1636,39.2526,41.2873,42.4066
"184",201,550,14,3,27.6239,28.1718,31.6571,34.4601,38.2056,41.0424,41.8092,34.0425,37.7412,37.8633,38.6677,41.6762,43.3991,43.2119
"185",208,370,10,3,30.1090,27.2265,31.4226,31.9096,33.5088,36.2379,39.6319,35.8178,38.8889,37.4978,38.1636,39.2526,41.2873,42.4066
"186",208,550,14,3,32.3353,31.8016,34.1218,35.6105,38.8017,40.9246,41.5357,34.0425,37.7412,37.8633,38.6677,41.6762,43.3991,43.2119
"187",210,370,10,3,25.2243,26.4357,30.8408,31.6899,33.3375,36.2075,39.6249,35.8178,38.8889,37.4978,38.1636,39.2526,41.2873,42.4066
"188",210,550,14,3,28.2398,30.6475,33.6874,35.5479,38.6327,40.9118,41.6571,34.0425,37.7412,37.8633,38.6677,41.6762,43.3991,43.2119
"189",213,370,10,3,21.4234,26.7651,31.8219,33.1199,35.0003,38.3475,42.2766,35.8178,38.8889,37.4978,38.1636,39.2526,41.2873,42.4066
"190",213,550,14,3,26.8499,31.2672,35.0346,37.5006,41.2322,43.8480,44.9299,34.0425,37.7412,37.8633,38.6677,41.6762,43.3991,43.2119
"191",215,370,10,3,21.8045,25.2248,30.7926,32.5229,34.6238,38.0331,41.7918,35.8178,38.8889,37.4978,38.1636,39.2526,41.2873,42.4066
"192",215,550,14,3,25.6547,30.1493,34.4243,37.1618,40.9498,43.6464,44.8436,34.0425,37.7412,37.8633,38.6677,41.6762,43.3991,43.2119
"193",217,370,10,3,21.0159,24.3279,29.9928,32.1624,34.2856,37.5627,41.5783,35.8178,38.8889,37.4978,38.1636,39.2526,41.2873,42.4066
"194",217,550,14,3,25.1265,29.4127,33.9212,36.9534,40.6756,43.4956,44.8206,34.0425,37.7412,37.8633,38.6677,41.6762,43.3991,43.2119
"195",224,370,10,3,19.5283,22.6029,28.4536,31.1154,33.5563,36.7399,40.4394,35.8178,38.8889,37.4978,38.1636,39.2526,41.2873,42.4066
"196",224,550,14,3,23.5068,27.6251,32.7995,36.3354,40.3328,43.4224,44.6566,34.0425,37.7412,37.8633,38.6677,41.6762,43.3991,43.2119
"197",228,370,10,3,23.0075,23.0857,28.1795,30.6502,33.1475,36.4203,40.1192,35.8178,38.8889,37.4978,38.1636,39.2526,41.2873,42.4066
"198",228,550,14,3,27.0991,27.0565,31.8385,35.3163,39.1427,42.6229,44.2832,34.0425,37.7412,37.8633,38.6677,41.6762,43.3991,43.2119
"199",233,370,10,3,33.8435,34.9981,36.1715,37.7017,37.9604,39.6436,41.4840,35.8178,38.8889,37.4978,38.1636,39.2526,41.2873,42.4066
"200",233,550,14,3,36.8810,37.5094,38.4612,39.2264,41.5880,44.6751,45.0161,34.0425,37.7412,37.8633,38.6677,41.6762,43.3991,43.2119
"201",236,370,10,3,26.7743,31.8019,35.0525,36.7248,37.4716,39.0851,40.7846,35.8178,38.8889,37.4978,38.1636,39.2526,41.2873,42.4066
"202",236,550,14,3,31.9315,35.8436,37.5086,38.6239,41.2063,43.9242,44.5916,34.0425,37.7412,37.8633,38.6677,41.6762,43.3991,43.2119
"203",240,370,10,3,23.4631,28.7849,34.1917,36.3037,37.4858,39.3164,41.3264,35.8178,38.8889,37.4978,38.1636,39.2526,41.2873,42.4066
"204",240,550,14,3,29.5109,34.3269,37.0996,38.3055,40.6546,43.1527,44.7676,34.0425,37.7412,37.8633,38.6677,41.6762,43.3991,43.2119
"205",243,370,10,3,21.6599,26.8181,33.1850,35.7777,36.9436,38.7937,40.7959,35.8178,38.8889,37.4978,38.1636,39.2526,41.2873,42.4066
"206",243,550,14,3,26.4739,33.4604,36.7188,38.2622,41.1183,43.6981,44.4421,34.0425,37.7412,37.8633,38.6677,41.6762,43.3991,43.2119
"207",245,370,10,3,.,.,.,.,.,.,.,35.8178,38.8889,37.4978,38.1636,39.2526,41.2873,42.4066
"208",245,550,14,3,23.3451,31.3535,36.1205,38.7655,41.6447,43.2007,43.6969,34.0425,37.7412,37.8633,38.6677,41.6762,43.3991,43.2119
"209",250,370,10,3,19.3410,25.8571,32.3001,35.9288,37.9107,39.2808,40.6552,35.8178,38.8889,37.4978,38.1636,39.2526,41.2873,42.4066
"210",250,550,14,3,22.2969,30.1166,35.2950,38.1054,41.3695,42.8772,43.4407,34.0425,37.7412,37.8633,38.6677,41.6762,43.3991,43.2119
"211",254,370,10,3,17.9038,22.8792,29.5014,33.8358,35.7517,38.0214,40.1323,35.8178,38.8889,37.4978,38.1636,39.2526,41.2873,42.4066
"212",254,550,14,3,22.1841,29.4060,34.3616,37.6926,40.9535,43.1712,44.0975,34.0425,37.7412,37.8633,38.6677,41.6762,43.3991,43.2119
"213",258,370,10,3,18.5003,22.4634,29.5182,33.3946,35.3620,37.6333,39.7845,35.8178,38.8889,37.4978,38.1636,39.2526,41.2873,42.4066
"214",258,550,14,3,22.3972,28.4027,33.5962,36.6242,39.7757,42.7057,43.6450,34.0425,37.7412,37.8633,38.6677,41.6762,43.3991,43.2119
"215",261,370,10,3,34.8513,35.5656,36.8992,37.4030,37.0004,38.4765,40.4920,35.8178,38.8889,37.4978,38.1636,39.2526,41.2873,42.4066
"216",261,550,14,3,37.3925,37.6565,37.9983,38.4692,41.1897,43.7172,44.3444,34.0425,37.7412,37.8633,38.6677,41.6762,43.3991,43.2119
"217",264,370,10,3,37.5282,38.9932,38.2552,38.3129,37.7035,38.9827,40.6639,35.8178,38.8889,37.4978,38.1636,39.2526,41.2873,42.4066
"218",264,550,14,3,39.4938,40.6043,39.1652,39.6066,41.1604,43.9538,44.2459,34.0425,37.7412,37.8633,38.6677,41.6762,43.3991,43.2119
"219",269,370,10,3,40.7711,42.3543,40.0579,40.9477,41.7885,44.0810,45.5587,35.8178,38.8889,37.4978,38.1636,39.2526,41.2873,42.4066
"220",269,550,14,3,41.4824,42.7626,41.5116,42.2906,45.0714,46.7200,46.3178,34.0425,37.7412,37.8633,38.6677,41.6762,43.3991,43.2119
"221",273,370,10,3,40.2690,41.8110,39.7335,40.5265,41.3021,43.6768,45.3570,35.8178,38.8889,37.4978,38.1636,39.2526,41.2873,42.4066
"222",273,550,14,3,40.3665,41.8545,40.9977,41.8732,44.8964,46.3188,46.0183,34.0425,37.7412,37.8633,38.6677,41.6762,43.3991,43.2119
"223",159,370,11,4,31.8225,37.7041,38.4150,39.1029,41.0397,43.1323,42.8377,36.4386,39.1630,38.9007,39.5282,40.9314,42.9268,42.6329
"224",159,550,15,4,27.9749,35.4685,38.2674,39.8628,41.6098,42.8182,41.9202,34.9069,37.4798,38.4856,39.8321,41.4190,42.5316,41.5882
"225",160,370,11,4,31.2360,37.6333,38.4327,39.1318,41.0620,43.2054,42.8888,36.4386,39.1630,38.9007,39.5282,40.9314,42.9268,42.6329
"226",160,550,15,4,28.1555,35.5241,38.2743,39.9105,41.7389,42.8077,41.7505,34.9069,37.4798,38.4856,39.8321,41.4190,42.5316,41.5882
"227",161,370,11,4,30.9625,37.3210,38.2818,38.9678,40.8424,42.8536,42.5695,36.4386,39.1630,38.9007,39.5282,40.9314,42.9268,42.6329
"228",161,550,15,4,27.1990,34.8868,37.8622,39.4558,41.2583,42.5936,41.6288,34.9069,37.4798,38.4856,39.8321,41.4190,42.5316,41.5882
"229",164,370,11,4,30.5808,37.3305,38.1599,38.9592,41.0223,43.2260,42.8909,36.4386,39.1630,38.9007,39.5282,40.9314,42.9268,42.6329
"230",164,550,15,4,27.2022,34.6037,37.7862,39.6962,41.5368,42.7874,41.8676,34.9069,37.4798,38.4856,39.8321,41.4190,42.5316,41.5882
"231",166,370,11,4,36.4386,39.1630,38.9007,39.5282,40.9314,42.9268,42.6329,36.4386,39.1630,38.9007,39.5282,40.9314,42.9268,42.6329
"232",166,550,15,4,34.9069,37.4798,38.4856,39.8321,41.4190,42.5316,41.5882,34.9069,37.4798,38.4856,39.8321,41.4190,42.5316,41.5882
"233",168,370,11,4,33.5267,38.2800,38.5475,39.1806,40.8944,42.8641,42.5898,36.4386,39.1630,38.9007,39.5282,40.9314,42.9268,42.6329
"234",168,550,15,4,31.3692,36.8232,38.4189,39.8762,41.4282,42.4198,41.4655,34.9069,37.4798,38.4856,39.8321,41.4190,42.5316,41.5882
"235",171,370,11,4,31.5356,37.5881,38.3678,39.0748,41.0017,42.9568,42.5801,36.4386,39.1630,38.9007,39.5282,40.9314,42.9268,42.6329
"236",171,550,15,4,28.7083,35.7335,38.3057,39.8336,41.4509,42.6051,41.6211,34.9069,37.4798,38.4856,39.8321,41.4190,42.5316,41.5882
"237",173,370,11,4,29.7483,36.8250,38.1155,39.1352,40.9229,43.0914,42.9096,36.4386,39.1630,38.9007,39.5282,40.9314,42.9268,42.6329
"238",173,550,15,4,26.7882,34.7887,38.0505,39.7610,41.6511,42.8198,41.8686,34.9069,37.4798,38.4856,39.8321,41.4190,42.5316,41.5882
"239",175,370,11,4,27.1737,35.2981,37.5417,39.0573,41.0144,43.2681,42.9288,36.4386,39.1630,38.9007,39.5282,40.9314,42.9268,42.6329
"240",175,550,15,4,24.7867,33.1594,37.7122,39.7372,41.6599,42.9436,42.0820,34.9069,37.4798,38.4856,39.8321,41.4190,42.5316,41.5882
"241",178,370,11,4,24.0185,31.6969,36.3885,38.4925,40.9283,43.1744,43.0423,36.4386,39.1630,38.9007,39.5282,40.9314,42.9268,42.6329
"242",178,550,15,4,21.9388,30.0298,36.9396,39.4535,41.7220,43.0282,42.1060,34.9069,37.4798,38.4856,39.8321,41.4190,42.5316,41.5882
"243",180,370,11,4,24.0714,29.2867,35.3897,38.0295,40.8666,43.0302,42.9932,36.4386,39.1630,38.9007,39.5282,40.9314,42.9268,42.6329
"244",180,550,15,4,22.4027,28.9137,36.3474,39.1874,41.5706,42.7562,41.8791,34.9069,37.4798,38.4856,39.8321,41.4190,42.5316,41.5882
"245",184,370,11,4,22.8648,27.0573,34.0455,36.6777,39.6031,42.4648,42.6417,36.4386,39.1630,38.9007,39.5282,40.9314,42.9268,42.6329
"246",184,550,15,4,21.2945,27.0535,35.1844,38.3656,40.7821,42.2339,41.4650,34.9069,37.4798,38.4856,39.8321,41.4190,42.5316,41.5882
"247",188,370,11,4,22.4116,25.8655,32.8619,35.9420,39.1204,42.0292,42.2008,36.4386,39.1630,38.9007,39.5282,40.9314,42.9268,42.6329
"248",188,550,15,4,21.6431,26.1484,34.0192,37.8096,40.4112,41.9734,41.2870,34.9069,37.4798,38.4856,39.8321,41.4190,42.5316,41.5882
"249",192,370,11,4,20.5584,24.6097,31.4974,34.9219,38.2711,41.4121,41.4058,36.4386,39.1630,38.9007,39.5282,40.9314,42.9268,42.6329
"250",192,550,15,4,19.8595,24.8076,32.5693,36.9314,39.7848,41.4790,40.7013,34.9069,37.4798,38.4856,39.8321,41.4190,42.5316,41.5882
"251",194,370,11,4,29.3527,25.4161,31.3893,34.6594,38.1302,41.1213,41.1057,36.4386,39.1630,38.9007,39.5282,40.9314,42.9268,42.6329
"252",194,550,15,4,30.6514,27.2984,32.5012,36.6916,39.5499,41.0906,40.4757,34.9069,37.4798,38.4856,39.8321,41.4190,42.5316,41.5882
"253",196,370,11,4,29.3615,26.3234,31.6761,34.8998,38.3070,41.1804,41.3460,36.4386,39.1630,38.9007,39.5282,40.9314,42.9268,42.6329
"254",196,550,15,4,31.1019,28.7897,32.6390,36.7495,39.7439,41.2671,40.5611,34.9069,37.4798,38.4856,39.8321,41.4190,42.5316,41.5882
"255",199,370,11,4,22.4010,26.0240,31.7405,34.8695,38.2287,41.2810,41.4296,36.4386,39.1630,38.9007,39.5282,40.9314,42.9268,42.6329
"256",199,550,15,4,26.8027,27.8645,32.7062,36.6776,39.8037,41.2084,40.6902,34.9069,37.4798,38.4856,39.8321,41.4190,42.5316,41.5882
"257",201,370,11,4,26.2358,26.1500,31.7714,34.8822,38.2956,41.3916,41.6568,36.4386,39.1630,38.9007,39.5282,40.9314,42.9268,42.6329
"258",201,550,15,4,27.7830,28.3675,32.7959,36.6818,39.6680,41.3057,40.6710,34.9069,37.4798,38.4856,39.8321,41.4190,42.5316,41.5882
"259",208,370,11,4,30.3772,29.9266,34.2363,35.9759,38.6465,41.2494,41.2654,36.4386,39.1630,38.9007,39.5282,40.9314,42.9268,42.6329
"260",208,550,15,4,30.4634,31.3423,35.0790,37.6766,39.9541,41.2658,40.4349,34.9069,37.4798,38.4856,39.8321,41.4190,42.5316,41.5882
"261",210,370,11,4,25.8883,28.7029,33.8219,35.9297,38.5825,41.4136,41.4813,36.4386,39.1630,38.9007,39.5282,40.9314,42.9268,42.6329
"262",210,550,15,4,27.2473,30.7896,34.7437,37.3944,39.8072,41.2076,40.6211,34.9069,37.4798,38.4856,39.8321,41.4190,42.5316,41.5882
"263",213,370,11,4,24.0849,28.6770,35.3355,37.8633,41.3253,44.4573,43.9197,36.4386,39.1630,38.9007,39.5282,40.9314,42.9268,42.6329
"264",213,550,15,4,25.3697,31.0889,36.8656,40.0587,42.8351,44.2384,42.6822,34.9069,37.4798,38.4856,39.8321,41.4190,42.5316,41.5882
"265",215,370,11,4,22.8690,27.2943,34.6485,37.6316,41.1225,44.3260,43.8642,36.4386,39.1630,38.9007,39.5282,40.9314,42.9268,42.6329
"266",215,550,15,4,23.2772,28.5451,35.8904,39.6424,42.6334,43.7234,42.5574,34.9069,37.4798,38.4856,39.8321,41.4190,42.5316,41.5882
"267",217,370,11,4,22.2922,26.4261,34.0340,37.3485,40.8386,43.9593,43.6630,36.4386,39.1630,38.9007,39.5282,40.9314,42.9268,42.6329
"268",217,550,15,4,22.5373,27.7552,35.2588,39.3907,42.4005,43.6298,42.3644,34.9069,37.4798,38.4856,39.8321,41.4190,42.5316,41.5882
"269",224,370,11,4,20.5764,24.4570,31.8338,36.5167,40.3746,43.8842,43.4783,36.4386,39.1630,38.9007,39.5282,40.9314,42.9268,42.6329
"270",224,550,15,4,20.5694,24.7942,32.3977,37.8854,42.1400,43.2207,42.4316,34.9069,37.4798,38.4856,39.8321,41.4190,42.5316,41.5882
"271",228,370,11,4,22.8844,24.6742,31.9779,36.0301,40.1348,43.8102,43.4759,36.4386,39.1630,38.9007,39.5282,40.9314,42.9268,42.6329
"272",228,550,15,4,23.9488,25.3092,32.2965,37.3887,41.8036,42.9369,42.1139,34.9069,37.4798,38.4856,39.8321,41.4190,42.5316,41.5882
"273",233,370,11,4,31.4812,34.2959,36.4145,39.0771,41.6364,44.5567,43.9864,36.4386,39.1630,38.9007,39.5282,40.9314,42.9268,42.6329
"274",233,550,15,4,34.2648,36.1023,38.3126,40.3366,43.0024,44.5946,42.7324,34.9069,37.4798,38.4856,39.8321,41.4190,42.5316,41.5882
"275",236,370,11,4,25.5002,31.7517,35.8933,38.5859,41.0671,44.2419,43.8554,36.4386,39.1630,38.9007,39.5282,40.9314,42.9268,42.6329
"276",236,550,15,4,30.1047,35.2912,38.1219,40.0716,42.8472,44.3356,42.3101,34.9069,37.4798,38.4856,39.8321,41.4190,42.5316,41.5882
"277",240,370,11,4,22.6718,27.6917,34.9574,38.2357,41.2609,44.1970,43.8838,36.4386,39.1630,38.9007,39.5282,40.9314,42.9268,42.6329
"278",240,550,15,4,26.9727,33.2287,38.1637,40.2251,43.1179,44.5270,42.6671,34.9069,37.4798,38.4856,39.8321,41.4190,42.5316,41.5882
"279",243,370,11,4,20.6343,26.0068,34.1489,37.9573,40.8608,44.0490,43.6398,36.4386,39.1630,38.9007,39.5282,40.9314,42.9268,42.6329
"280",243,550,15,4,23.9071,31.2807,37.3191,39.6432,42.5598,43.9880,42.2845,34.9069,37.4798,38.4856,39.8321,41.4190,42.5316,41.5882
"281",245,370,11,4,19.8746,26.3107,33.2706,38.0878,40.8060,43.1846,43.2329,36.4386,39.1630,38.9007,39.5282,40.9314,42.9268,42.6329
"282",245,550,15,4,21.4545,29.9070,36.6328,39.6057,42.6342,43.3866,42.9284,34.9069,37.4798,38.4856,39.8321,41.4190,42.5316,41.5882
"283",250,370,11,4,19.0970,25.2605,32.3748,37.2886,40.5249,42.8918,42.9182,36.4386,39.1630,38.9007,39.5282,40.9314,42.9268,42.6329
"284",250,550,15,4,20.3701,28.1841,35.1310,39.0348,42.0531,42.3927,42.4073,34.9069,37.4798,38.4856,39.8321,41.4190,42.5316,41.5882
"285",254,370,11,4,17.7828,22.5171,30.1999,36.0211,39.6892,43.7554,43.3927,36.4386,39.1630,38.9007,39.5282,40.9314,42.9268,42.6329
"286",254,550,15,4,19.7011,25.7162,34.2481,38.6971,42.1630,43.3453,42.2415,34.9069,37.4798,38.4856,39.8321,41.4190,42.5316,41.5882
"287",258,370,11,4,18.0474,22.1318,30.5291,35.4356,39.9864,43.5635,43.3526,36.4386,39.1630,38.9007,39.5282,40.9314,42.9268,42.6329
"288",258,550,15,4,19.6659,25.0549,33.0339,37.8068,41.4360,43.0106,42.0250,34.9069,37.4798,38.4856,39.8321,41.4190,42.5316,41.5882
"289",261,370,11,4,33.2281,36.3096,38.9677,39.5071,40.7888,43.8021,43.4423,36.4386,39.1630,38.9007,39.5282,40.9314,42.9268,42.6329
"290",261,550,15,4,34.2786,37.3120,39.3295,41.0053,42.7295,44.2359,42.1015,34.9069,37.4798,38.4856,39.8321,41.4190,42.5316,41.5882
"291",264,370,11,4,36.6718,39.1837,40.0425,40.3330,41.4262,43.8671,43.3407,36.4386,39.1630,38.9007,39.5282,40.9314,42.9268,42.6329
"292",264,550,15,4,36.7627,38.7684,40.3911,41.8713,43.3514,44.5214,42.2294,34.9069,37.4798,38.4856,39.8321,41.4190,42.5316,41.5882
"293",269,370,11,4,40.3643,42.6322,41.5966,42.2392,44.1227,46.0547,45.2590,36.4386,39.1630,38.9007,39.5282,40.9314,42.9268,42.6329
"294",269,550,15,4,39.6260,41.8254,41.6867,43.0838,44.4477,45.6329,43.6003,34.9069,37.4798,38.4856,39.8321,41.4190,42.5316,41.5882
"295",273,370,11,4,39.6546,42.0112,41.1333,41.6572,43.6382,45.5463,44.8955,36.4386,39.1630,38.9007,39.5282,40.9314,42.9268,42.6329
"296",273,550,15,4,38.8552,41.2758,41.2450,42.6425,44.0193,45.2280,43.0465,34.9069,37.4798,38.4856,39.8321,41.4190,42.5316,41.5882

